ticker,quarter_end,as_of,quarter,revenue_usd,revenue_qoq,revenue_yoy,stock_close,stock_ret_63d,stock_vol_63d,sox_close,sox_ret_63d,wsts_3mo,wsts_yoy,ppi_semis,ppi_yoy,gdp_growth_pct,inflation_cpi_pct,revenue_next_usd
NVDA,2011-07-31,2011-08-25,3,1016517000.0,0.05662764191472491,0.25309045275687625,0.2857038676738739,,,336.1673278808594,,74584119.0,-0.03742511293335604,35.5,-0.12128712871287128,2.69519258673525,1.6400434423899,1066180000.0
HPQ,2011-07-31,2011-09-09,3,31189000000.0,-0.014004805260495745,0.014969572716326596,6.460836410522461,,,348.23150634765625,,75312951.0,-0.03625449577958506,35.0,-0.1116751269035533,2.69519258673525,1.6400434423899,32122000000.0
NVDA,2011-10-30,2011-11-22,4,1066180000.0,0.04885604470953275,0.26337817213169146,0.3452254831790924,0.156441562530792,0.035725939761892825,359.4860534667969,0.040411877946231245,77415565.0,-0.03696254330110604,33.6,-0.12271540469973885,2.69519258673525,1.6400434423899,953194000.0
HPQ,2011-10-31,2011-12-14,4,32122000000.0,0.029914392894930808,-0.034737664523108336,7.597558975219727,0.13854484219600627,0.029515349887361583,350.5603942871094,-0.07966619124372532,75657127.0,-0.07579977618751566,32.6,-0.10439560439560436,2.69519258673525,1.6400434423899,30036000000.0
HPQ,2012-01-31,2012-03-12,1,30036000000.0,-0.06493991656808418,-0.0701504550801808,6.958164215087891,-0.1227667334556094,0.01747100593852957,418.3675842285156,0.12782590582252706,68777333.0,-0.01607332735655076,31.2,-0.14049586776859502,1.56440685205419,3.156841568622,30693000000.0
NVDA,2012-01-29,2012-03-13,1,953194000.0,-0.10597272505580668,0.07538335875520086,0.3385865688323974,-0.007382675878607969,0.020165139650603733,427.992919921875,0.13983011381174992,68777333.0,-0.01607332735655076,31.2,-0.14049586776859502,1.56440685205419,3.156841568622,924877000.0
NVDA,2012-04-29,2012-05-23,2,924877000.0,-0.029707488716882446,-0.0386283716148722,0.2847881019115448,-0.21810187803918313,0.01811294484971289,372.14990234375,-0.12324873280385296,72181714.0,0.010207951720843988,31.2,-0.12849162011173176,1.56440685205419,3.156841568622,1044270000.0
HPQ,2012-04-30,2012-06-08,2,30693000000.0,0.021873751498202143,-0.029685128983307996,6.457428455352783,-0.0727352067874023,0.019598767392581044,372.54974365234375,-0.11852903493388234,73191651.0,-0.030447274133179714,31.2,-0.13091922005571033,1.56440685205419,3.156841568622,29669000000.0
NVDA,2012-07-29,2012-08-22,3,1044270000.0,0.12909067908489447,0.02730205200700042,0.3351527452468872,0.1768495347849386,0.02312328545809185,398.9769592285156,0.07208669602171724,72872174.0,0.004014088433185181,30.6,-0.13802816901408443,1.56440685205419,3.156841568622,1204110000.0
HPQ,2012-07-31,2012-09-10,3,29669000000.0,-0.03336265598019095,-0.04873513097566451,5.113733768463135,-0.1796785056153931,0.021194542414104768,394.0693359375,0.07812627978226838,72958007.0,-0.055887129481078324,30.4,-0.13142857142857145,1.56440685205419,3.156841568622,29959000000.0
NVDA,2012-10-28,2012-11-19,4,1204110000.0,0.153063862794105,0.12936839933219524,0.267847329378128,-0.20136524200038108,0.020589245698509093,362.9643859863281,-0.1036678378745618,75711004.0,0.059105862461123815,30.3,-0.0982142857142857,1.56440685205419,3.156841568622,1106902000.0
HPQ,2012-10-31,2012-12-27,4,29959000000.0,0.009774512117024514,-0.06733702758234228,4.158530235290527,-0.15175242302052105,0.029363747086254097,379.5499877929687,0.0009321145076355286,76533618.0,0.0537542549453327,30.2,-0.07361963190184051,1.56440685205419,3.156841568622,28359000000.0
HPQ,2013-01-31,2013-03-11,1,28359000000.0,-0.05340632197336359,-0.05583300039952055,6.268312454223633,0.5448548473131867,0.023949249253275268,435.8500061035156,0.15168074247226904,69685899.0,-0.03824527742729256,30.0,-0.038461538461538436,2.28911339009767,2.06933726526067,27582000000.0
NVDA,2013-01-27,2013-03-12,1,1106902000.0,-0.08073016584863513,0.16125573597819542,0.2953386306762695,0.07175263360191164,0.01427154193313543,437.6700134277344,0.15396039838974973,69685899.0,-0.03824527742729256,30.0,-0.038461538461538436,2.28911339009767,2.06933726526067,954739000.0
NVDA,2013-04-28,2013-05-22,2,954739000.0,-0.13746745421003848,0.032287536612976675,0.3355163633823395,0.1848608690609539,0.014819934981915079,461.6199951171875,0.10894373195379736,70868202.0,-0.011902884593838592,30.2,-0.03205128205128205,2.28911339009767,2.06933726526067,977238000.0
HPQ,2013-04-30,2013-06-06,2,27582000000.0,-0.027398709404421906,-0.10135861597106832,7.228083610534668,0.17042666274218088,0.028856854462120364,464.6600036621094,0.06897030342201549,74075509.0,0.059169594855229324,30.6,-0.019230769230769162,2.28911339009767,2.06933726526067,27226000000.0
NVDA,2013-07-28,2013-08-21,3,977238000.0,0.023565602745881264,-0.06419029561320344,0.3484482169151306,0.0385431381123269,0.012040336409857655,458.5299987792969,-0.006693809563223518,76597071.0,0.08004665396475463,30.8,0.006535947712418277,2.28911339009767,2.06933726526067,1053967000.0
HPQ,2013-07-31,2013-09-09,3,27226000000.0,-0.012906968312667688,-0.08234183828238228,6.747558116912842,-0.08103123914051624,0.0225785818438954,481.4200134277344,0.015718320121197227,77950173.0,0.11395415952465981,30.6,0.00657894736842124,2.28911339009767,2.06933726526067,29131000000.0
NVDA,2013-10-27,2013-11-19,4,1053967000.0,0.07851618541235594,-0.1246920962370548,0.3635199666023254,0.04325391537551093,0.013592570492941545,497.8800048828125,0.08581773538977511,81260717.0,0.05295171211275074,30.3,0.0,2.28911339009767,2.06933726526067,1144218000.0
HPQ,2013-10-31,2013-12-30,4,29131000000.0,0.06996988173069862,-0.027637771621215612,8.51523494720459,0.34434050292671925,0.021728644859723423,531.5700073242188,0.08300230602547942,81567590.0,0.08841199687885726,30.3,0.0033112582781458233,2.28911339009767,2.06933726526067,28154000000.0
HPQ,2014-01-31,2014-03-11,1,28154000000.0,-0.03353815522982395,-0.007228745724461416,9.116983413696287,0.09067807013580742,0.012824414733564627,570.0800170898438,0.10559899868396161,78132633.0,0.2008314190976015,29.5,-0.01666666666666672,2.11783009443471,1.46483265562717,27309000000.0
NVDA,2014-01-26,2014-03-13,1,1144218000.0,0.08562981573426875,0.03371210820831472,0.4195573329925537,0.14525107488235944,0.01519217633765267,565.1400146484375,0.09663520238635681,78132633.0,0.2008314190976015,29.5,-0.01666666666666672,2.11783009443471,1.46483265562717,1102787000.0
NVDA,2014-04-27,2014-05-21,2,1102787000.0,-0.03620900912238756,0.15506646319046347,0.4333692491054535,-0.019875060762997054,0.015027158773647407,581.8099975585938,0.03146828365214138,79007893.0,0.08697570238340391,29.3,-0.02980132450331119,2.11783009443471,1.46483265562717,1102824000.0
HPQ,2014-04-30,2014-06-09,2,27309000000.0,-0.030013497194004368,-0.009897759408309725,10.333279609680176,0.1337893368712535,0.015368342441059734,618.4400024414062,0.07888774650124852,80489142.0,0.10333889792326367,29.2,-0.045751633986928164,2.11783009443471,1.46483265562717,27585000000.0
NVDA,2014-07-27,2014-08-20,3,1102824000.0,3.355135669891318e-05,0.128511171280691,0.4593893885612488,0.06004149927459146,0.01628493502979782,636.6199951171875,0.09420600847113136,84388618.0,0.08479344405891953,29.3,-0.04870129870129869,2.11783009443471,1.46483265562717,1225382000.0
HPQ,2014-07-31,2014-09-09,3,27585000000.0,0.010106558277490851,0.013185925218541117,11.315550804138184,0.0992945649322956,0.01280218487638947,646.489990234375,0.04228868547991893,85778475.0,0.09932273550533699,29.3,-0.042483660130719025,2.11783009443471,1.46483265562717,28406000000.0
NVDA,2014-10-26,2014-11-19,4,1225382000.0,0.1111310598971369,0.16263791940354877,0.4795471131801605,0.05373239692568932,0.016138201713957336,650.1799926757812,0.017320973819755503,89051445.0,0.10704905365036499,29.3,-0.03300330033003296,2.11783009443471,1.46483265562717,1250514000.0
HPQ,2014-10-31,2014-12-18,4,28406000000.0,0.029762552111654905,-0.024887576808211187,12.297242164611816,0.08675595006074488,0.018324562337526166,688.1199951171875,0.059395908481278514,89321912.0,0.09674738867001609,29.2,-0.0363036303630363,2.11783009443471,1.46483265562717,26839000000.0
HPQ,2015-01-31,2015-03-11,1,26839000000.0,-0.055164401886925285,-0.04670739504155719,10.119441032409668,-0.14799761429764147,0.02053419926874762,703.1599731445312,0.014660855908414483,83225973.0,0.028860608109622543,29.3,-0.006779661016949157,2.52381981757846,1.62222297740817,25453000000.0
NVDA,2015-01-25,2015-03-12,1,1250514000.0,0.020509522744744046,0.09289838125252348,0.5453871488571167,0.09779520211197212,0.018645928742209283,702.77001953125,0.014332302249986384,83225973.0,0.028860608109622543,29.3,-0.006779661016949157,2.52381981757846,1.62222297740817,1151000000.0
NVDA,2015-04-26,2015-05-20,2,1151000000.0,-0.0795784773301218,0.043719231365621836,0.5085160732269287,-0.0433372460350816,0.017672343061964788,714.47998046875,0.010637034998259853,82674412.0,0.048619179802753765,29.0,-0.010238907849829393,2.52381981757846,1.62222297740817,1153000000.0
HPQ,2015-04-30,2015-06-08,2,25453000000.0,-0.05164126830358806,-0.06796294261964919,10.198795318603516,-0.0025578186015641213,0.013550239663906128,712.3699951171875,-0.0037201712805030596,84328497.0,0.03371026870368965,29.1,-0.003424657534246478,2.52381981757846,1.62222297740817,25349000000.0
NVDA,2015-07-26,2015-08-19,3,1153000000.0,0.0017376194613378804,0.045497740346601034,0.5579833388328552,0.0972776834604625,0.02169254794469208,618.3200073242188,-0.13458735832100355,83606848.0,-0.04309494371280698,28.8,-0.017064846416382284,2.52381981757846,1.62222297740817,1305000000.0
HPQ,2015-07-31,2015-09-08,3,25349000000.0,-0.004085962362000539,-0.08105854631140108,8.66186237335205,-0.1478298684818532,0.015823710593460508,624.0599975585938,-0.12301852308983374,83650534.0,-0.01566384091780848,28.5,-0.027303754266211677,2.52381981757846,1.62222297740817,25714000000.0
NVDA,2015-10-25,2015-11-18,4,1305000000.0,0.13183000867302685,0.06497402442666855,0.7559794783592224,0.4055877384180482,0.027186834740169634,662.1400146484375,0.11325192850068078,86919618.0,-0.029511072227007662,,,2.52381981757846,1.62222297740817,1401000000.0
HPQ,2015-10-31,2015-12-16,4,25714000000.0,0.014398990098228648,-0.0947687108357389,8.561713218688965,-0.010845368685021173,0.031399743108543376,671.7000122070312,0.08155547123357643,86640839.0,-0.034797648050005736,,,2.52381981757846,1.62222297740817,12246000000.0
HPQ,2016-01-31,2016-03-03,1,12246000000.0,-0.5237613751263903,-0.5437236856812847,7.758617401123047,-0.11907720047704429,0.026030689123896784,643.8900146484375,-0.06209579279555444,78251328.0,-0.0384911568974029,,,2.94555045227337,0.118627135552451,11588000000.0
NVDA,2016-01-31,2016-03-17,1,1401000000.0,0.0735632183908046,0.12033931647306617,0.8025022745132446,-0.0009227386169784468,0.024654111607042825,665.9500122070312,-0.0007801679279640927,78251328.0,-0.0384911568974029,,,2.94555045227337,0.118627135552451,1305000000.0
NVDA,2016-05-01,2016-05-25,2,1305000000.0,-0.06852248394004279,0.13379669852302345,1.107347846031189,0.42528338285863687,0.023362403823397687,689.469970703125,0.11013245297997343,77661178.0,-0.061881190793284024,28.0,-0.03448275862068961,2.94555045227337,0.118627135552451,1428000000.0
HPQ,2016-04-30,2016-06-03,2,11588000000.0,-0.053731830801894476,-0.5447295014340157,9.491028785705566,0.21562948265787973,0.017393140927805584,705.5999755859375,0.08450398217295363,78135754.0,-0.07873352812544654,27.9,-0.04123711340206193,2.94555045227337,0.118627135552451,11892000000.0
NVDA,2016-07-31,2016-08-23,3,1428000000.0,0.09425287356321843,0.238508239375542,1.5450880527496338,0.3894602399481488,0.016657761472277793,801.3099975585938,0.16870366437038564,81385551.0,0.035667632367688995,27.7,-0.03819444444444453,2.94555045227337,0.118627135552451,2004000000.0
HPQ,2016-07-31,2016-09-01,3,11892000000.0,0.026234035208836826,-0.530869067813326,10.334502220153809,0.08887060122698154,0.01829868083846794,808.3599853515625,0.14563493951412343,84647476.0,0.037272248433549704,27.6,-0.03157894736842104,2.94555045227337,0.118627135552451,12512000000.0
NVDA,2016-10-30,2016-11-22,4,2004000000.0,0.403361344537815,0.535632183908046,2.3000717163085938,0.5119468674613352,0.04242966942765605,888.27001953125,0.11824909925239346,91283309.0,0.07974422275514281,27.4,,2.94555045227337,0.118627135552451,2173000000.0
HPQ,2016-10-31,2016-12-15,4,12512000000.0,0.052135889673730285,-0.5134168157423971,11.247440338134766,0.0765199489607169,0.01755180240880564,909.969970703125,0.13526290881581282,93059719.0,0.11240355656539913,27.3,,2.94555045227337,0.118627135552451,12684000000.0
NVDA,2017-01-29,2017-03-01,1,2173000000.0,0.08433133732534936,0.5510349750178445,2.531522512435913,0.09361040804803578,0.028592332251378805,985.260009765625,0.11046493070231045,91149502.0,0.18894648377258516,27.9,,1.81945147909089,1.26158320570536,1937000000.0
HPQ,2017-01-31,2017-03-02,1,12684000000.0,0.013746803069053737,0.03576678098971087,12.560007095336914,0.1529520771197861,0.016969421372810448,974.3300170898438,0.10062696084704181,91149502.0,0.18894648377258516,27.9,,1.81945147909089,1.26158320570536,12385000000.0
NVDA,2017-04-30,2017-05-23,2,1937000000.0,-0.1086056143580304,0.48429118773946356,3.3783445358276367,0.23848249970304858,0.033602039582614686,1067.93994140625,0.0786509373134976,93851115.0,0.2166752538903738,28.3,0.010714285714285676,1.81945147909089,1.26158320570536,2230000000.0
HPQ,2017-04-30,2017-06-01,2,12385000000.0,-0.023573005361084864,0.06877804625474626,13.848196029663086,0.10256275530325376,0.010594970974215334,1092.550048828125,0.12133469118747287,95984656.0,0.25037932233588567,28.2,0.010752688172043001,1.81945147909089,1.26158320570536,13060000000.0
NVDA,2017-07-30,2017-08-23,3,2230000000.0,0.15126484254001027,0.561624649859944,4.091240882873535,0.19756092658772584,0.02600359283393145,1086.4100341796875,0.010755043825951827,100895123.0,0.22724087353413824,27.1,-0.02166064981949456,1.81945147909089,1.26158320570536,2636000000.0
HPQ,2017-07-31,2017-08-31,3,13060000000.0,0.05450141299959621,0.09821728893373693,14.0481595993042,0.012836611770911777,0.012723257469071445,1114.31005859375,0.0098876508412995,104883544.0,0.24724733606504734,26.9,-0.025362318840579823,1.81945147909089,1.26158320570536,13927000000.0
NVDA,2017-10-29,2017-11-21,4,2636000000.0,0.1820627802690582,0.3153692614770458,5.331196308135986,0.3030756342050318,0.01781934679380817,1337.9200439453125,0.23150560272165732,111273076.0,0.2189411096274141,26.4,-0.03649635036496346,1.81945147909089,1.26158320570536,2911000000.0
HPQ,2017-10-31,2017-12-15,4,13927000000.0,0.06638591117917314,0.11309143222506401,15.61155891418457,0.07490650820558264,0.012564148114614246,1250.8900146484375,0.07751743332057837,113068997.0,0.23352407619966398,26.3,-0.03663003663003661,1.81945147909089,1.26158320570536,14517000000.0
NVDA,2018-01-28,2018-02-28,1,2911000000.0,0.10432473444613044,0.3396226415094339,5.979396343231201,0.13080423367261274,0.02717262564859364,1362.02001953125,0.02859947469618862,110303547.0,0.1814499952528359,26.5,-0.05017921146953397,2.45762230126449,2.13011000365961,3207000000.0
HPQ,2018-01-31,2018-03-01,1,14517000000.0,0.042363753859409714,0.1445127719962156,17.424951553344727,0.08510535947936004,0.017615337283251598,1340.1400146484375,0.0128942007742463,110303547.0,0.1814499952528359,26.5,-0.05017921146953397,2.45762230126449,2.13011000365961,14003000000.0
NVDA,2018-04-29,2018-05-22,2,3207000000.0,0.1016832703538304,0.6556530717604543,5.996692180633545,0.005552216856849812,0.025158062471270563,1366.969970703125,0.0314030225101769,112829156.0,0.22208035974059204,26.5,-0.06360424028268552,2.45762230126449,2.13011000365961,3123000000.0
HPQ,2018-04-30,2018-06-05,2,14003000000.0,-0.03540676448301994,0.13064190553088406,17.579727172851562,-0.01639218299414269,0.016655459052114956,1428.510009765625,0.022943593299301623,116169829.0,0.20712251169827844,26.3,-0.06737588652482263,2.45762230126449,2.13011000365961,14586000000.0
AMD,2017-07-01,2018-08-02,3,1151000000.0,-0.022920203735144362,,18.790000915527344,0.7191217192033883,0.030343952378703107,1378.8299560546875,0.08788583270056027,118506092.0,0.12965782368852286,25.7,-0.05166051660516613,2.45762230126449,2.13011000365961,1584000000.0
AMD,2018-06-30,2018-08-02,2,1756000000.0,0.06618093503339395,0.5256298870547351,18.790000915527344,0.7191217192033883,0.030343952378703107,1378.8299560546875,0.08788583270056027,118506092.0,0.12965782368852286,25.7,-0.05166051660516613,2.45762230126449,2.13011000365961,1653000000.0
NVDA,2018-07-29,2018-08-16,3,3123000000.0,-0.026192703461178635,0.4004484304932736,6.364824295043945,0.03992247796281201,0.01514778381956079,1333.0899658203125,-0.023284290379719574,118506092.0,0.12965782368852286,25.7,-0.05166051660516613,2.45762230126449,2.13011000365961,3181000000.0
HPQ,2018-07-31,2018-08-28,3,14586000000.0,0.04163393558523176,0.11684532924961721,18.489944458007812,0.1115797642739822,0.011836998371414987,1402.949951171875,0.009381842472907742,118506092.0,0.12965782368852286,25.7,-0.05166051660516613,2.45762230126449,2.13011000365961,15366000000.0
DELL,2017-08-04,2018-09-11,3,19521000000.0,0.08450000000000002,,24.652685165405273,0.11521147944757737,0.014303990348954337,1361.8900146484375,-0.038464511855352046,121977407.0,0.1697379726903152,25.1,-0.06691449814126382,2.45762230126449,2.13011000365961,19556000000.0
DELL,2018-08-03,2018-09-11,3,22942000000.0,0.07426484360367103,0.17524716971466625,24.652685165405273,0.11521147944757737,0.014303990348954337,1361.8900146484375,-0.038464511855352046,121977407.0,0.1697379726903152,25.1,-0.06691449814126382,2.45762230126449,2.13011000365961,22482000000.0
INTC,2017-09-30,2018-10-26,3,16149000000.0,,,39.07586669921875,-0.03611107504037259,0.017538358567667754,1153.0,-0.15130730312101615,124873710.0,0.1712537472244524,25.1,-0.04924242424242409,2.45762230126449,2.13011000365961,17053000000.0
INTC,2018-09-29,2018-10-26,3,19163000000.0,0.1297606414337933,0.18663694346399162,39.07586669921875,-0.03611107504037259,0.017538358567667754,1153.0,-0.15130730312101615,124873710.0,0.1712537472244524,25.1,-0.04924242424242409,2.45762230126449,2.13011000365961,18657000000.0
AMD,2018-09-29,2018-10-31,3,1653000000.0,-0.05865603644646922,0.043560606060605966,18.209999084472656,-0.03086757864792844,0.04899787380341116,1202.300048828125,-0.1280287728384405,126328344.0,0.0647708814698782,24.8,-0.06060606060606055,2.45762230126449,2.13011000365961,1419000000.0
AMD,2017-09-30,2018-10-31,3,1584000000.0,0.37619461337966986,,18.209999084472656,-0.03086757864792844,0.04899787380341116,1202.300048828125,-0.1280287728384405,126328344.0,0.0647708814698782,24.8,-0.06060606060606055,2.45762230126449,2.13011000365961,1340000000.0
DELL,2018-11-02,2018-12-10,4,22482000000.0,-0.02005056228750768,0.14962159950910214,26.54178810119629,0.07496116115084583,0.015362694200030086,1174.18994140625,-0.14650300947767636,123325530.0,0.03445499611360092,24.8,-0.057034220532319435,2.45762230126449,2.13011000365961,23841000000.0
DELL,2017-11-03,2018-12-10,4,19556000000.0,0.0017929409354029424,,26.54178810119629,0.07496116115084583,0.015362694200030086,1174.18994140625,-0.14650300947767636,123325530.0,0.03445499611360092,24.8,-0.057034220532319435,2.45762230126449,2.13011000365961,21963000000.0
HPQ,2018-10-31,2018-12-13,4,15366000000.0,0.053475935828877,0.10332447763337393,17.045326232910156,-0.1023872866607185,0.020494988716855976,1194.5899658203125,-0.12304359958857047,123325530.0,0.03445499611360092,24.8,-0.057034220532319435,2.45762230126449,2.13011000365961,14710000000.0
INTC,2017-12-30,2019-02-01,4,17053000000.0,0.055978698371416113,,41.93807220458984,0.02673084917046209,0.023827435830333414,1287.4000244140625,0.08406248275055339,106435715.0,-0.1302751231981354,24.1,-0.09056603773584904,2.96650506701943,2.44258329692817,16066000000.0
INTC,2018-12-29,2019-02-01,4,18657000000.0,-0.02640505140113758,0.09405969624113064,41.93807220458984,0.02673084917046209,0.023827435830333414,1287.4000244140625,0.08406248275055339,106435715.0,-0.1302751231981354,24.1,-0.09056603773584904,2.96650506701943,2.44258329692817,16061000000.0
AMD,2018-12-29,2019-02-08,4,1419000000.0,-0.14156079854809434,0.05895522388059704,23.049999237060547,0.11460342828387682,0.05408846432032737,1302.4200439453125,0.04811572135515796,106435715.0,-0.1302751231981354,24.1,-0.09056603773584904,2.96650506701943,2.44258329692817,1272000000.0
AMD,2018-03-31,2019-02-08,1,1647000000.0,0.2291044776119402,0.398132427843803,23.049999237060547,0.11460342828387682,0.05408846432032737,1302.4200439453125,0.04811572135515796,106435715.0,-0.1302751231981354,24.1,-0.09056603773584904,2.96650506701943,2.44258329692817,1756000000.0
AMD,2017-12-30,2019-02-08,4,1340000000.0,-0.1540404040404041,,23.049999237060547,0.11460342828387682,0.05408846432032737,1302.4200439453125,0.04811572135515796,106435715.0,-0.1302751231981354,24.1,-0.09056603773584904,2.96650506701943,2.44258329692817,1647000000.0
AMD,2017-04-01,2019-02-08,2,1178000000.0,,,23.049999237060547,0.11460342828387682,0.05408846432032737,1302.4200439453125,0.04811572135515796,106435715.0,-0.1302751231981354,24.1,-0.09056603773584904,2.96650506701943,2.44258329692817,1151000000.0
HPQ,2019-01-31,2019-03-05,1,14710000000.0,-0.04269165690485488,0.013294757870083274,14.804732322692873,-0.14705389148780612,0.028181774029260285,1356.9000244140625,0.11091095252776961,98612507.0,-0.1139838968299427,24.0,-0.09433962264150941,2.96650506701943,2.44258329692817,14036000000.0
DELL,2017-05-05,2019-03-29,2,18000000000.0,,,27.02213478088379,0.3249270173475014,0.022074384996345082,1395.510009765625,0.22467948093040357,98612507.0,-0.1139838968299427,24.0,-0.09433962264150941,2.96650506701943,2.44258329692817,19521000000.0
DELL,2018-02-02,2019-03-29,1,21963000000.0,0.12308242994477392,,27.02213478088379,0.3249270173475014,0.022074384996345082,1395.510009765625,0.22467948093040357,98612507.0,-0.1139838968299427,24.0,-0.09433962264150941,2.96650506701943,2.44258329692817,21356000000.0
DELL,2018-05-04,2019-03-29,2,21356000000.0,-0.027637390156171726,0.1864444444444444,27.02213478088379,0.3249270173475014,0.022074384996345082,1395.510009765625,0.22467948093040357,98612507.0,-0.1139838968299427,24.0,-0.09433962264150941,2.96650506701943,2.44258329692817,22942000000.0
DELL,2019-02-01,2019-03-29,1,23841000000.0,0.06044835868694953,0.08550744433820512,27.02213478088379,0.3249270173475014,0.022074384996345082,1395.510009765625,0.22467948093040357,98612507.0,-0.1139838968299427,24.0,-0.09433962264150941,2.96650506701943,2.44258329692817,21908000000.0
INTC,2019-03-30,2019-04-26,1,16061000000.0,-0.13914348501902774,-0.000311216233038758,45.40838241577149,0.1216482805526824,0.01669291053711534,1547.4000244140625,0.20781165750682007,97852005.0,-0.11854044029257327,24.0,-0.09090909090909083,2.96650506701943,2.44258329692817,16505000000.0
INTC,2018-03-31,2019-04-26,1,16066000000.0,-0.05787837917082039,,45.40838241577149,0.1216482805526824,0.01669291053711534,1547.4000244140625,0.20781165750682007,97852005.0,-0.11854044029257327,24.0,-0.09090909090909083,2.96650506701943,2.44258329692817,16962000000.0
AMD,2019-03-30,2019-05-01,1,1272000000.0,-0.10359408033826634,-0.22768670309653916,26.809999465942383,0.16110867426467124,0.029747697780278394,1543.47998046875,0.21365664010240493,97333974.0,-0.17946345948767772,24.2,-0.08679245283018866,2.96650506701943,2.44258329692817,1531000000.0
NVDA,2019-04-28,2019-05-16,2,2220000000.0,-0.3021062558943728,-0.23737547234627276,3.970680475234986,0.037695452194453694,0.022132699448705596,1430.1099853515625,0.0639828592431042,97333974.0,-0.17946345948767772,24.2,-0.08679245283018866,2.96650506701943,2.44258329692817,2579000000.0
HPQ,2019-04-30,2019-05-30,2,14036000000.0,-0.04581917063222296,0.002356637863315081,14.760528564453123,-0.02168259835440789,0.01680846136823886,1315.2900390625,-0.025855364665859804,97333974.0,-0.17946345948767772,24.2,-0.08679245283018866,2.96650506701943,2.44258329692817,14603000000.0
DELL,2019-05-03,2019-06-10,2,21908000000.0,-0.08107881380814563,0.025847536991945974,24.9548397064209,0.0009232331060313737,0.026683033693570824,1413.8900146484375,0.04741903690260374,99113855.0,-0.14458859202678087,24.2,-0.07984790874524716,2.96650506701943,2.44258329692817,23370000000.0
INTC,2019-06-29,2019-07-26,2,16505000000.0,0.027644604943652284,-0.02694257752623508,44.95451736450195,-0.009995182103467726,0.016331456554581313,1593.8599853515625,0.03002453160429064,98569915.0,-0.1686810212832145,24.2,-0.07984790874524716,2.96650506701943,2.44258329692817,19190000000.0
INTC,2018-06-30,2019-07-26,2,16962000000.0,0.055769948960537885,,44.95451736450195,-0.009995182103467726,0.016331456554581313,1593.8599853515625,0.03002453160429064,98569915.0,-0.1686810212832145,24.2,-0.07984790874524716,2.96650506701943,2.44258329692817,19163000000.0
AMD,2019-06-29,2019-07-31,2,1531000000.0,0.20361635220125796,-0.128132118451025,30.450000762939453,0.13577028606886343,0.03223528268566272,1542.43994140625,-0.0006738273742845635,100635211.0,-0.13737143848885514,24.2,-0.05836575875486383,2.96650506701943,2.44258329692817,1801000000.0
NVDA,2019-07-28,2019-08-15,3,2579000000.0,0.16171171171171173,-0.19582164016214532,3.691817998886109,-0.07023039957209698,0.024144813288218454,1439.2900390625,0.006419124266642262,100635211.0,-0.13737143848885514,24.2,-0.05836575875486383,2.96650506701943,2.44258329692817,3014000000.0
HPQ,2019-07-31,2019-08-29,3,14603000000.0,0.040396124251923515,0.0011655011655011815,14.063973426818848,-0.02372722675984551,0.01680238761091812,1495.8199462890625,0.15402172869931152,100635211.0,-0.13737143848885514,24.2,-0.05836575875486383,2.96650506701943,2.44258329692817,15407000000.0
DELL,2019-08-02,2019-09-10,3,23370000000.0,0.06673361329194805,0.01865574056315933,25.54417610168457,0.02097890742604558,0.02686043870373607,1583.1500244140625,0.11645110972227246,103589862.0,-0.14493958485132707,24.3,-0.031872509960159334,2.96650506701943,2.44258329692817,22844000000.0
INTC,2019-09-28,2019-10-25,3,19190000000.0,0.16267797637079662,0.0014089651933413272,49.53031539916992,0.08248344478524272,0.019249778832959773,1648.6700439453125,0.03169548803832867,107372372.0,-0.13802228476861367,24.3,-0.031872509960159334,2.96650506701943,2.44258329692817,20209000000.0
AMD,2019-09-28,2019-10-30,3,1801000000.0,0.17635532331809278,0.08953418027828186,33.130001068115234,0.10951106466588834,0.03139718421393224,1661.4599609375,0.0988637299433075,107372372.0,-0.13802228476861367,24.3,-0.031872509960159334,2.96650506701943,2.44258329692817,2127000000.0
NVDA,2019-10-27,2019-11-14,4,3014000000.0,0.16867002714230317,-0.03490233749599747,5.211219787597656,0.31610451503214354,0.022625744381287883,1727.5899658203125,0.16788234971797356,110521901.0,-0.08935507541392984,24.3,-0.020161290322580627,2.96650506701943,2.44258329692817,3105000000.0
DELL,2019-11-01,2019-12-09,4,22844000000.0,-0.02250748823277704,0.016101770305132934,21.93907928466797,-0.14113184949342938,0.017109511404059235,1714.97998046875,0.08327066545918727,110552340.0,-0.0783661528734434,24.2,-0.024193548387096864,2.96650506701943,2.44258329692817,24032000000.0
HPQ,2019-10-31,2019-12-12,4,15407000000.0,0.055057180031500286,0.0026682285565533537,16.156930923461914,0.08004083326326117,0.019384108474535713,1806.8699951171875,0.12531994372594024,110552340.0,-0.0783661528734434,24.2,-0.024193548387096864,2.96650506701943,2.44258329692817,14618000000.0
INTC,2019-12-28,2020-01-24,4,20209000000.0,0.05310057321521633,0.08318593557377918,60.396820068359375,0.33114511849570105,0.017009921581709723,1924.030029296875,0.2203821454838637,108512684.0,0.012119670062071819,24.3,-0.0161943319838056,2.58382533052225,1.81221007526021,19828000000.0
AMD,2019-12-28,2020-02-04,4,2127000000.0,0.18101054969461416,0.4989429175475688,49.45000076293945,0.41731159724843225,0.023499220899476543,1868.6500244140625,0.10575583901278729,106023665.0,0.07067786273715759,24.1,0.0,2.58382533052225,1.81221007526021,1786000000.0
HPQ,2020-01-31,2020-03-05,1,14618000000.0,-0.051210488738884896,-0.006254248810333096,17.034765243530273,0.10681627586176123,0.01773765335133592,1734.030029296875,0.04101558492267343,103575019.0,0.07423698627305209,24.1,0.004166666666666652,2.58382533052225,1.81221007526021,12469000000.0
DELL,2020-01-31,2020-03-27,1,24032000000.0,0.05200490281912096,0.008011408917411256,17.841331481933594,-0.25495096605118983,0.047379434283791835,1488.75,-0.2015242732341742,103575019.0,0.07423698627305209,24.1,0.004166666666666652,2.58382533052225,1.81221007526021,21897000000.0
INTC,2020-03-28,2020-04-24,1,19828000000.0,-0.01885298629323573,0.2345433036548159,52.53019332885742,-0.13024902189549403,0.05468102864205754,1702.56005859375,-0.11510733581640609,104559994.0,0.06166897607636046,24.0,0.0,2.58382533052225,1.81221007526021,19728000000.0
AMD,2020-03-28,2020-04-29,1,1786000000.0,-0.16031969910672306,0.4040880503144655,53.65999984741211,0.12944646902021684,0.05320585935374154,1797.760009765625,-0.03278632539255655,104559994.0,0.06166897607636046,24.0,0.0,2.58382533052225,1.81221007526021,1932000000.0
NVDA,2020-04-26,2020-05-21,2,3080000000.0,-0.008051529790660261,0.3873873873873874,8.730805397033691,0.19434172783296022,0.05744390260177616,1790.9599609375,-0.05292831247520413,103130314.0,0.04219281158421251,23.1,-0.045454545454545414,2.58382533052225,1.81221007526021,3866000000.0
HPQ,2020-04-30,2020-06-05,2,12469000000.0,-0.14701053495690242,-0.11164149330293527,13.897591590881348,-0.17920957046932695,0.059018430216896206,2003.760009765625,0.17875862114528185,103662273.0,0.032393865363784524,23.1,-0.045454545454545414,2.58382533052225,1.81221007526021,14294000000.0
DELL,2020-05-01,2020-06-08,2,21897000000.0,-0.08883988015978694,-0.0005020996896111241,23.785369873046875,0.4251028653742095,0.049077847512853275,1998.6199951171875,0.282679539505315,103662273.0,0.032393865363784524,23.1,-0.045454545454545414,2.58382533052225,1.81221007526021,22733000000.0
INTC,2020-06-27,2020-07-24,2,19728000000.0,-0.005043373007867613,0.19527415934565284,45.09810256958008,-0.14148226549919307,0.02802492551557085,2038.7099609375,0.1974379116008378,103423423.0,0.07138054698781016,23.1,-0.045454545454545414,2.58382533052225,1.81221007526021,18333000000.0
AMD,2020-06-27,2020-07-29,2,1932000000.0,0.08174692049272125,0.26192031352057477,76.08999633789062,0.4180021720883449,0.03901091331943799,2106.300048828125,0.17162470929739082,103423423.0,0.07138054698781016,23.1,-0.045454545454545414,2.58382533052225,1.81221007526021,2801000000.0
NVDA,2020-07-26,2020-08-19,3,3866000000.0,0.2551948051948052,0.49903063202791786,12.082529067993164,0.35385070770355265,0.024025805559583627,2200.77001953125,0.19555732746798493,105681732.0,0.04542216171921942,22.8,-0.057851239669421406,2.58382533052225,1.81221007526021,4726000000.0
DELL,2020-07-31,2020-09-04,3,22733000000.0,0.03817874594693338,-0.02725716730851524,29.76624870300293,0.251452000195022,0.026540901697678414,2212.72998046875,0.10712891188652818,109128027.0,0.04341145666733559,22.7,-0.06584362139917699,2.58382533052225,1.81221007526021,23482000000.0
HPQ,2020-07-31,2020-09-04,3,14294000000.0,0.14636298019087346,-0.021160035609121386,15.500554084777832,0.06868968138225062,0.02477081754179194,2212.72998046875,0.10712891188652818,109128027.0,0.04341145666733559,22.7,-0.06584362139917699,2.58382533052225,1.81221007526021,15258000000.0
INTC,2020-09-26,2020-10-23,3,18333000000.0,-0.07071167883211682,-0.044658676393955155,43.25937271118164,-0.02103387495577891,0.01934134613538294,2360.22998046875,0.12145178181743943,113526265.0,0.08032532108582147,22.7,-0.06584362139917699,2.58382533052225,1.81221007526021,19978000000.0
AMD,2020-09-26,2020-10-28,3,2801000000.0,0.44979296066252594,0.555247084952804,76.4000015258789,-0.023017845174017504,0.031736712895044525,2222.97998046875,0.03512371303373607,113526265.0,0.08032532108582147,22.7,-0.06584362139917699,2.58382533052225,1.81221007526021,3244000000.0
NVDA,2020-10-25,2020-11-18,4,4726000000.0,0.22245214692188298,0.5680159256801594,13.370826721191406,0.10639716977283165,0.032849757853431416,2530.590087890625,0.1602675982869053,118077547.0,0.08045017268352184,21.6,-0.11111111111111105,2.58382533052225,1.81221007526021,5003000000.0
DELL,2020-10-30,2020-12-07,4,23482000000.0,0.03294769718031065,0.027928558921379798,32.40446090698242,0.09711612669207081,0.016140232878967823,2806.610107421875,0.3310237381217054,120719645.0,0.11598789503723661,21.6,-0.10743801652892548,2.58382533052225,1.81221007526021,26112000000.0
HPQ,2020-10-31,2020-12-10,4,15258000000.0,0.06744088428711348,-0.009670928798597989,19.0046443939209,0.2110620441116815,0.01818200030297002,2733.669921875,0.2795862944730927,120719645.0,0.11598789503723661,21.6,-0.10743801652892548,2.58382533052225,1.81221007526021,15646000000.0
INTC,2020-12-26,2021-01-22,4,19978000000.0,0.08972890416189383,-0.01143055074471766,51.22207260131836,0.06676832070708372,0.0286920350408677,3074.39990234375,0.2987166131565484,118879676.0,0.09025438760467752,21.8,-0.10288065843621397,-2.081375977796,1.23358439630629,19673000000.0
AMD,2020-12-26,2021-01-29,4,3244000000.0,0.15815780078543384,0.5251527973671839,85.63999938964844,0.1209423780003418,0.025480349066962896,2887.080078125,0.29874317514825943,118879676.0,0.09025438760467752,21.8,-0.10288065843621397,-2.081375977796,1.23358439630629,3445000000.0
HPQ,2021-01-31,2021-03-05,1,15646000000.0,0.025429282999082536,0.0703242577644001,24.4017391204834,0.3144499772834639,0.017700891186216833,2920.75,0.07524799639049196,118929788.0,0.16319154820575998,21.6,-0.10373443983402486,-2.081375977796,1.23358439630629,15877000000.0
DELL,2021-01-29,2021-03-26,1,26112000000.0,0.11200068137296659,0.08655126498002663,40.97290802001953,0.21239809110096264,0.018122508250424534,3106.280029296875,0.14053452537066868,118929788.0,0.16319154820575998,21.6,-0.10373443983402486,-2.081375977796,1.23358439630629,24487000000.0
INTC,2021-03-27,2021-04-23,1,19673000000.0,-0.015266793472820117,-0.007817228162194878,53.8795280456543,0.05188106043697149,0.023426820666846933,3196.97998046875,0.03987122105733598,123342793.0,0.17906821715649013,21.7,-0.09583333333333333,-2.081375977796,1.23358439630629,19631000000.0
AMD,2021-03-27,2021-04-28,1,3445000000.0,0.06196054254007399,0.9288913773796192,84.0199966430664,-0.05425483896343286,0.027106187422140184,3178.489990234375,0.10551179243600739,123342793.0,0.17906821715649013,21.7,-0.09583333333333333,-2.081375977796,1.23358439630629,3850000000.0
NVDA,2021-05-02,2021-05-26,2,5661000000.0,0.13152108734759138,0.8379870129870131,15.642298698425291,0.18019305728284163,0.028269969171858925,3140.97998046875,0.04728659775251187,126142842.0,0.3376589809011301,21.6,-0.06493506493506496,-2.081375977796,1.23358439630629,6507000000.0
HPQ,2021-04-30,2021-06-04,2,15877000000.0,0.014764156973028353,0.27331782821397055,25.28618812561035,0.036245326644957165,0.020369734267411413,3214.139892578125,0.10045019004643496,131704526.0,0.3083576766658984,21.7,-0.06060606060606066,-2.081375977796,1.23358439630629,15289000000.0
DELL,2021-04-30,2021-06-07,2,24487000000.0,-0.062231924019607865,0.1182810430652601,47.3497428894043,0.2083185406004906,0.017482202717117347,3191.659912109375,0.15524745710229837,131704526.0,0.3083576766658984,21.7,-0.06060606060606066,-2.081375977796,1.23358439630629,26122000000.0
INTC,2021-06-26,2021-07-23,2,19631000000.0,-0.0021349057083311918,-0.0049168694241686905,48.501068115234375,-0.0998238129677479,0.013888445109277257,3280.06005859375,0.025987049850971777,134550392.0,0.2627845736064567,21.8,-0.05627705627705626,-2.081375977796,1.23358439630629,19192000000.0
AMD,2021-06-26,2021-07-28,2,3850000000.0,0.11756168359941954,0.9927536231884058,97.93000030517578,0.16555587024362572,0.02088099094902572,3272.449951171875,0.029561194537715663,134550392.0,0.2627845736064567,21.8,-0.05627705627705626,-2.081375977796,1.23358439630629,4313000000.0
NVDA,2021-08-01,2021-08-20,3,6507000000.0,0.14944356120826718,0.6831350232798759,20.74424934387207,0.38881544956740455,0.021549540873474382,3256.5,0.06697024861691503,137000318.0,0.3210012011010004,21.387,-0.06197368421052629,-2.081375977796,1.23358439630629,7103000000.0
DELL,2021-07-30,2021-09-03,3,26122000000.0,0.06677012292236695,0.14907843223507666,44.725337982177734,-0.05542595898263769,0.013735904509714611,3430.889892578125,0.07495472169860418,141967519.0,0.32057792087676606,21.421,-0.056343612334801785,-2.081375977796,1.23358439630629,28394000000.0
HPQ,2021-07-31,2021-09-03,3,15289000000.0,-0.0370347042892234,0.06960962641667834,24.80805778503418,-0.016339428117747024,0.015009351006187102,3430.889892578125,0.07495472169860418,141967519.0,0.32057792087676606,21.421,-0.056343612334801785,-2.081375977796,1.23358439630629,16675000000.0
INTC,2021-09-25,2021-10-22,3,19192000000.0,-0.0223625897814681,0.046855397370861196,45.55568313598633,-0.08338420889184506,0.01805865876398765,3370.280029296875,0.028490201056990072,145439210.0,0.21291586502245274,21.444,-0.05533039647577098,-2.081375977796,1.23358439630629,20528000000.0
AMD,2021-09-25,2021-10-27,3,4313000000.0,0.12025974025974029,0.5398072117101036,122.27999877929688,0.18776107240462347,0.022431378630762666,3360.2900390625,0.008115241898985825,145439210.0,0.21291586502245274,21.444,-0.05533039647577098,-2.081375977796,1.23358439630629,4826000000.0
NVDA,2021-10-31,2021-11-22,4,7103000000.0,0.09159366835715388,0.502962336013542,31.851463317871097,0.4666009275607512,0.027987338813324186,3847.1201171875,0.14997660682914193,147410690.0,0.21692429042069872,21.172,-0.01981481481481484,-2.081375977796,1.23358439630629,7643000000.0
DELL,2021-10-29,2021-12-03,4,28394000000.0,0.08697649490850634,0.2091815007239588,53.12390899658203,0.18778105193416272,0.016847259889324052,3804.5400390625,0.10890764734032232,150283635.0,0.30522726816352264,21.4,-0.009259259259259411,-2.081375977796,1.23358439630629,27992000000.0
HPQ,2021-10-31,2021-12-09,4,16675000000.0,0.09065341094904844,0.0928693144579893,30.436317443847656,0.2998710180677344,0.02356165911479891,3879.52001953125,0.13547151877229568,150283635.0,0.30522726816352264,21.4,-0.009259259259259411,-2.081375977796,1.23358439630629,17028000000.0
INTC,2021-12-25,2022-01-27,4,20528000000.0,0.06961233847436432,0.027530283311642867,44.56475830078125,0.010318277848803792,0.01730582596874147,3244.0,-0.03460714334496684,152560119.0,0.3258572078572821,21.502,-0.013669724770642322,6.15202247867526,4.69785886363742,18353000000.0
AMD,2021-12-25,2022-02-03,4,4826000000.0,0.11894273127753308,0.48766954377311955,120.08000183105467,-0.08005820153198118,0.039052183678751844,3432.550048828125,-0.04390317909090957,152206394.0,0.1715841610799893,21.673,0.003379629629629566,6.15202247867526,4.69785886363742,5887000000.0
HPQ,2022-01-31,2022-03-07,1,17028000000.0,0.021169415292353833,0.08832928544036811,30.023757934570312,-0.04386001943368023,0.0179944322465101,3098.929931640625,-0.18546528625724457,150123367.0,0.29031535095232863,21.637,0.0017129629629628607,6.15202247867526,4.69785886363742,16490000000.0
NVDA,2021-01-31,2022-03-18,1,5003000000.0,0.05861193398222597,0.6112721417069242,26.374187469482425,-0.0679709273863407,0.03960217431473712,3432.300048828125,-0.08868604193715024,150123367.0,0.29031535095232863,21.637,0.0017129629629628607,6.15202247867526,4.69785886363742,5661000000.0
NVDA,2020-01-26,2022-03-18,1,3105000000.0,0.03019243530192428,-0.02389185790631876,26.374187469482425,-0.0679709273863407,0.03960217431473712,3432.300048828125,-0.08868604193715024,150123367.0,0.29031535095232863,21.637,0.0017129629629628607,6.15202247867526,4.69785886363742,3080000000.0
NVDA,2022-01-30,2022-03-18,1,7643000000.0,0.07602421512037161,0.5276833899660205,26.374187469482425,-0.0679709273863407,0.03960217431473712,3432.300048828125,-0.08868604193715024,150123367.0,0.29031535095232863,21.637,0.0017129629629628607,6.15202247867526,4.69785886363742,8288000000.0
DELL,2022-01-28,2022-03-24,1,27992000000.0,-0.014157920687469239,0.07199754901960786,48.609092712402344,-0.033592246278169036,0.021842740900600028,3532.719970703125,-0.09229376718491789,150123367.0,0.29031535095232863,21.637,0.0017129629629628607,6.15202247867526,4.69785886363742,26116000000.0
INTC,2022-04-02,2022-04-29,2,18353000000.0,-0.10595284489477785,-0.0670970365475525,40.73623275756836,-0.07978081416461191,0.023661393824843523,2919.739990234375,-0.11614092251960462,151749147.0,0.2305427167607017,21.654,-0.0021198156682027403,6.15202247867526,4.69785886363742,15321000000.0
AMD,2022-03-26,2022-05-04,1,5887000000.0,0.21985080812266888,0.7088534107402031,99.41999816894533,-0.19012710623272921,0.0415531152246813,3163.7900390625,-0.12047801250006107,152814861.0,0.11986777497882106,21.844,0.01129629629629636,6.15202247867526,4.69785886363742,6550000000.0
NVDA,2022-05-01,2022-05-27,2,8288000000.0,0.08439094596362695,0.46405228758169925,18.754961013793945,-0.22845153149177577,0.045798858573916225,3115.35009765625,-0.09161019992731723,152814861.0,0.11986777497882106,21.844,0.01129629629629636,6.15202247867526,4.69785886363742,6704000000.0
HPQ,2022-04-30,2022-06-03,2,16490000000.0,-0.031595019967113,0.03860930906342519,33.75447082519531,0.10291794499652118,0.03486255845581578,3062.590087890625,-0.06024383497935659,154956840.0,0.17731001795008772,21.988,0.01327188940092161,6.15202247867526,4.69785886363742,14664000000.0
DELL,2022-04-29,2022-06-06,2,26116000000.0,-0.06701914832809375,0.06652509494834002,45.77532196044922,0.021498349263538108,0.029590059738025948,3062.739990234375,-0.011678205769270367,154956840.0,0.17731001795008772,21.988,0.01327188940092161,6.15202247867526,4.69785886363742,26425000000.0
INTC,2022-07-02,2022-07-29,3,15321000000.0,-0.16520459870320925,-0.2195507106107687,34.20106887817383,-0.2186801875982194,0.025332488111044427,2967.139892578125,-0.02919165664644463,150504175.0,0.061924183198616145,22.187,0.017752293577981693,6.15202247867526,4.69785886363742,15338000000.0
AMD,2022-06-25,2022-08-03,2,6550000000.0,0.11262102938678442,0.7012987012987013,98.08999633789062,0.0763744024387274,0.04072676944640693,3053.4599609375,0.002814574142816939,147001109.0,-0.01810247709319268,22.037,0.030392294384439023,6.15202247867526,4.69785886363742,5565000000.0
NVDA,2022-07-31,2022-08-31,3,6704000000.0,-0.19111969111969107,0.030275088366374714,15.05221176147461,-0.17591752172541908,0.037119386166759485,2677.389892578125,-0.12188798835951531,141712575.0,-0.0475926333269544,21.965,0.025395639792726854,6.15202247867526,4.69785886363742,5931000000.0
DELL,2022-07-29,2022-09-01,3,26425000000.0,0.01183182723234788,0.01159941811499876,34.70825958251953,-0.26010404256033726,0.027629361446895186,2625.949951171875,-0.1684716282520271,141712575.0,-0.0475926333269544,21.965,0.025395639792726854,6.15202247867526,4.69785886363742,24721000000.0
HPQ,2022-07-31,2022-09-02,3,14664000000.0,-0.11073377804730145,-0.040879063378899905,23.58485412597656,-0.3012820657709099,0.025643929153241353,2599.260009765625,-0.1512870037544336,141712575.0,-0.0475926333269544,21.965,0.025395639792726854,6.15202247867526,4.69785886363742,14801000000.0
INTC,2022-10-01,2022-10-28,4,15338000000.0,0.0011095881469878055,-0.20081283868278454,27.658004760742188,-0.20553384067657354,0.02602474907224675,2433.659912109375,-0.18287495760992178,141014238.0,-0.024655734519900108,22.084,0.029845178138407036,6.15202247867526,4.69785886363742,14042000000.0
AMD,2022-09-24,2022-11-02,3,5565000000.0,-0.15038167938931302,0.2902851843264549,58.630001068115234,-0.435761726476634,0.033767965398386626,2328.469970703125,-0.2443491657657536,140829594.0,-0.06298237306052301,22.715,0.07287927451350829,6.15202247867526,4.69785886363742,5599000000.0
NVDA,2022-10-30,2022-11-18,4,5931000000.0,-0.11530429594272074,-0.16500070392791777,15.370904922485352,-0.09512850613547397,0.039516894985573835,2724.030029296875,-0.0419713519422753,140829594.0,-0.06298237306052301,22.715,0.07287927451350829,6.15202247867526,4.69785886363742,6051000000.0
DELL,2022-10-28,2022-12-05,4,24721000000.0,-0.064484389782403,-0.1293583151370008,40.088565826416016,0.1661658471454952,0.026582294497986415,2738.050048828125,0.0647800985517446,136738656.0,-0.17790718721924992,22.757,0.06341121495327107,6.15202247867526,4.69785886363742,25039000000.0
HPQ,2022-10-31,2022-12-06,4,14801000000.0,0.009342607746863019,-0.11238380809595205,24.370256423950195,0.03969582079488809,0.02415539644469894,2673.530029296875,0.02375264380504505,136738656.0,-0.17790718721924992,22.757,0.06341121495327107,6.15202247867526,4.69785886363742,13828000000.0
INTC,2022-12-31,2023-01-27,4,14042000000.0,-0.08449602294953706,-0.31595869056897896,27.15406036376953,0.04889113649640375,0.0276525461479455,2945.27001953125,0.23941957670087732,130816634.0,-0.17850773279229526,22.771,0.059017765789229015,2.52421385073222,8.00279982052121,11715000000.0
NVDA,2023-01-29,2023-02-24,1,6051000000.0,0.020232675771370667,-0.20829517205285886,23.234375,0.45229827930459243,0.039480071657985595,2935.110107421875,0.06467235243561009,124007844.0,-0.2011121835015558,22.602,0.0428643934849815,2.52421385073222,8.00279982052121,7192000000.0
AMD,2022-12-31,2023-02-27,4,5599000000.0,0.00610961365678353,0.1601740571902197,78.7699966430664,0.031020877877662167,0.033491506721952176,2951.2099609375,0.059140418057164856,124007844.0,-0.2011121835015558,22.602,0.0428643934849815,2.52421385073222,8.00279982052121,5353000000.0
HPQ,2023-01-31,2023-03-01,1,13828000000.0,-0.06573880143233568,-0.18792576932111815,25.07092666625977,-0.0029460924773716535,0.018146655735706996,2955.830078125,0.10342396381865115,119101816.0,-0.2413894378652317,22.642,0.04644821370800023,2.52421385073222,8.00279982052121,12913000000.0
DELL,2023-02-03,2023-03-30,1,25039000000.0,0.01286355729946198,-0.10549442697913691,37.40151596069336,0.03671611464780922,0.01723448900188715,3208.260009765625,0.3076311794771778,119101816.0,-0.2413894378652317,22.642,0.04644821370800023,2.52421385073222,8.00279982052121,20922000000.0
INTC,2023-04-01,2023-04-28,2,11715000000.0,-0.1657171343113517,-0.36168473818994173,30.315410614013672,0.11642274517670992,0.023570712130358672,2994.969970703125,0.016874497360953367,119511112.0,-0.19548817046416644,22.546,0.041193313013761834,2.52421385073222,8.00279982052121,12949000000.0
AMD,2023-04-01,2023-05-03,2,5353000000.0,-0.04393641721736019,-0.09070834041107523,81.62000274658203,-0.035680489896550704,0.027384766837319496,2957.3701171875,-0.037774845572694726,120311012.0,-0.20218572683366742,22.244,0.018311664530305638,2.52421385073222,8.00279982052121,5359000000.0
NVDA,2023-04-30,2023-05-26,2,7192000000.0,0.1885638737398776,-0.13223938223938225,38.86625671386719,0.6574875369855937,0.03676327189836103,3545.669921875,0.20142923370611698,120311012.0,-0.20218572683366742,22.244,0.018311664530305638,2.52421385073222,8.00279982052121,13507000000.0
HPQ,2023-04-30,2023-05-31,2,12913000000.0,-0.06617008967312699,-0.21691934505761068,25.47921371459961,0.016285279510202866,0.016771104619406202,3453.179931640625,0.16826063757735144,123561665.0,-0.21039298159702247,22.126,0.006276150627615218,2.52421385073222,8.00279982052121,13160000000.0
DELL,2023-05-05,2023-06-12,2,20922000000.0,-0.16442349934102796,-0.1988819114718946,45.4956169128418,0.3258451810669125,0.020251408610042973,3641.659912109375,0.24641390172105315,123561665.0,-0.21039298159702247,22.126,0.006276150627615218,2.52421385073222,8.00279982052121,22934000000.0
INTC,2023-07-01,2023-07-28,3,12949000000.0,0.10533504054630805,-0.15482018145029697,36.094295501708984,0.23847351796577287,0.027388354129068787,3851.760009765625,0.30941426054629884,126714230.0,-0.0610520574876211,22.208,0.0009465002028212766,2.52421385073222,8.00279982052121,14158000000.0
AMD,2023-07-01,2023-08-02,3,5359000000.0,0.0011208668036615244,-0.1818320610687023,109.3499984741211,0.21621614970753567,0.0339680277176856,3711.60009765625,0.23849628097897702,129687355.0,-0.07244067923721731,21.839,-0.008984889050233758,2.52421385073222,8.00279982052121,5800000000.0
NVDA,2023-07-30,2023-08-28,3,13507000000.0,0.8780589543937709,1.0147673031026252,46.74393844604492,0.20268691657581317,0.02752283953183865,3537.8701171875,-0.0021998112794930913,129687355.0,-0.07244067923721731,21.839,-0.008984889050233758,2.52421385073222,8.00279982052121,18120000000.0
HPQ,2023-07-31,2023-09-11,3,13160000000.0,0.019128010532021955,-0.10256410256410253,26.143482208251953,0.0005913737398084429,0.016226103958220075,3569.22998046875,0.01255613810429046,132140523.0,-0.0698288919724207,21.858,-0.00487138629638062,2.52421385073222,8.00279982052121,13817000000.0
DELL,2023-08-04,2023-09-12,3,22934000000.0,0.09616671446324454,-0.13210974456007574,67.40771484375,0.481630966184859,0.030848138532405346,3541.090087890625,-0.02761647892608854,132140523.0,-0.0698288919724207,21.858,-0.00487138629638062,2.52421385073222,8.00279982052121,22251000000.0
INTC,2023-09-30,2023-10-27,3,14158000000.0,0.09336628311066497,-0.0769331073151649,34.95536804199219,-0.002855407972943258,0.023304085873361094,3227.090087890625,-0.16431916423324533,134674419.0,0.0035170294185891127,21.818,-0.012044919398659593,2.52421385073222,8.00279982052121,15406000000.0
AMD,2023-09-30,2023-11-01,3,5800000000.0,0.0822914722896062,0.04222821203953275,108.04000091552734,-0.04516129510774103,0.027783180171693272,3290.949951171875,-0.11249221110781615,139819208.0,0.04763877345445966,21.635,-0.04754567466431869,2.52421385073222,8.00279982052121,6168000000.0
NVDA,2023-10-29,2023-11-21,4,18120000000.0,0.3415266158288295,2.055134041476985,49.85100173950195,0.060109455850422044,0.02158895480998342,3732.7900390625,0.036307514121923345,139819208.0,0.04763877345445966,21.635,-0.04754567466431869,2.52421385073222,8.00279982052121,22103000000.0
DELL,2023-11-03,2023-12-08,4,22251000000.0,-0.029781111014214656,-0.09991505198009787,65.84268188476562,-0.04257439044372946,0.016113735684963427,3774.169921875,0.057418530755290575,143939552.0,0.11419132746367255,21.757,-0.04394252317968095,2.52421385073222,8.00279982052121,22318000000.0
HPQ,2023-10-31,2023-12-18,4,13817000000.0,0.04992401215805464,-0.06648199445983383,27.250478744506836,0.10763601473664353,0.012891113158137844,4103.7900390625,0.18640251166242927,143939552.0,0.11419132746367255,21.757,-0.04394252317968095,2.52421385073222,8.00279982052121,13185000000.0
INTC,2023-12-30,2024-01-26,4,15406000000.0,0.0881480435089701,0.09713715994872518,43.07312774658203,0.33394836411381634,0.0280227065191866,4342.10009765625,0.3544344005359481,145985664.0,0.18727186368633864,21.582,-0.05221553730622286,2.93436322440155,4.11633838374488,12724000000.0
AMD,2023-12-30,2024-01-31,4,6168000000.0,0.06344827586206891,0.10162529023039824,167.69000244140625,0.7435017873708851,0.03000986665458745,4260.919921875,0.3377328795614638,143867846.0,0.18151534706488848,21.618,-0.04353597026811795,2.93436322440155,4.11633838374488,5473000000.0
NVDA,2024-01-28,2024-02-21,1,22103000000.0,0.21981236203090515,2.6527846636919516,67.352294921875,0.3687762871757152,0.02174521755922272,4446.35986328125,0.18612299870982185,143867846.0,0.18151534706488848,21.618,-0.04353597026811795,2.93436322440155,4.11633838374488,26044000000.0
HPQ,2024-01-31,2024-02-28,1,13185000000.0,-0.04574075414344647,-0.04649985536592416,25.863636016845703,0.016248136128146795,0.013640035084462697,4602.60009765625,0.23086880347845762,143867846.0,0.18151534706488848,21.618,-0.04353597026811795,2.93436322440155,4.11633838374488,12800000000.0
DELL,2024-02-02,2024-03-25,1,22318000000.0,0.003011100624691121,-0.1086704740604657,108.7840347290039,0.5069680093758644,0.04604111338874533,4891.490234375,0.18766141323780605,140702022.0,0.17447000898063147,21.574,-0.04716897800547648,2.93436322440155,4.11633838374488,22244000000.0
INTC,2024-03-30,2024-04-26,1,12724000000.0,-0.1740880176554589,0.08612889457959882,31.55088996887207,-0.26750408852359886,0.025472065535105483,4735.2900390625,0.09055294271508929,141134462.0,0.18605265393377346,21.529,-0.045107779650492286,2.93436322440155,4.11633838374488,12833000000.0
AMD,2024-03-30,2024-05-01,1,5473000000.0,-0.11267833981841768,0.022417336073230043,144.27000427246094,-0.13966245946670952,0.033686373565023256,4507.68017578125,0.05791243638243837,141634991.0,0.16989645806476483,21.591,-0.029356230893724078,2.93436322440155,4.11633838374488,5835000000.0
NVDA,2024-04-28,2024-05-29,2,26044000000.0,0.17830158801972584,2.621245828698554,114.62664031982422,0.4785726509865833,0.032693641390713915,5219.31982421875,0.13399376732220292,141634991.0,0.16989645806476483,21.591,-0.029356230893724078,2.93436322440155,4.11633838374488,30040000000.0
HPQ,2024-04-30,2024-05-30,2,12800000000.0,-0.02919984831247635,-0.008750871215054579,34.85663604736328,0.36626111265078376,0.02536005590149549,5173.259765625,0.09442509099518515,141634991.0,0.16989645806476483,21.591,-0.029356230893724078,2.93436322440155,4.11633838374488,13519000000.0
DELL,2024-05-03,2024-06-11,2,22244000000.0,-0.003315709292947444,0.0631870758053723,127.22142028808594,0.16382135244396223,0.0404101156807338,5365.3798828125,0.07468590642622841,147697794.0,0.22867907567445833,21.507,-0.027976136671788887,2.93436322440155,4.11633838374488,25026000000.0
AMD,2024-06-29,2024-07-31,2,5835000000.0,0.06614288324502104,0.08882254151894009,144.47999572753906,-0.08776366161598648,0.029782662651862343,5233.18017578125,0.1198040773100344,154433287.0,0.18558168466899794,,,2.93436322440155,4.11633838374488,6819000000.0
INTC,2024-06-29,2024-08-02,2,12833000000.0,0.008566488525620919,-0.008958220712024123,21.3445987701416,-0.29310892316687376,0.0385973722659343,4607.759765625,0.0005232323097381641,154433287.0,0.18558168466899794,,,2.93436322440155,4.11633838374488,13284000000.0
NVDA,2024-07-28,2024-08-28,3,30040000000.0,0.1534326524343419,1.2240319834160065,125.40331268310548,0.09401542549980402,0.039491644810926624,5059.56005859375,-0.030609307535376717,154433287.0,0.18558168466899794,,,2.93436322440155,4.11633838374488,35082000000.0
HPQ,2024-07-31,2024-08-29,3,13519000000.0,0.05617187499999998,0.027279635258358637,32.46821594238281,-0.06852124518657154,0.018328783626631286,5029.25,-0.027837335094191173,154433287.0,0.18558168466899794,,,2.93436322440155,4.11633838374488,14055000000.0
DELL,2024-08-02,2024-09-10,3,25026000000.0,0.1250674339147635,0.09121827853841458,103.41804504394533,-0.19207329793252637,0.032780580069603445,4680.669921875,-0.12713150695284503,159897597.0,0.28453314242927874,,,2.93436322440155,4.11633838374488,24366000000.0
AMD,2024-09-28,2024-10-30,3,6819000000.0,0.16863753213367616,0.17568965517241386,148.60000610351562,0.12117107009890815,0.030365552590235847,5153.490234375,0.0604784354389476,166547451.0,0.23680453043239758,,,2.93436322440155,4.11633838374488,7658000000.0
INTC,2024-09-28,2024-11-01,3,13284000000.0,0.03514376996805102,-0.06173188303432686,23.200000762939453,0.1609732584898116,0.0329923544033543,5001.43017578125,0.10664571123466571,171455885.0,0.1598997365017205,,,2.93436322440155,4.11633838374488,14260000000.0
NVDA,2024-10-27,2024-11-20,4,35082000000.0,0.16784287616511318,0.9360927152317882,145.6623992919922,0.17910524728601707,0.029565038128793627,4884.25,-0.03983760369461575,171455885.0,0.1598997365017205,,,2.93436322440155,4.11633838374488,39331000000.0
DELL,2024-11-01,2024-12-10,4,24366000000.0,-0.026372572524574478,0.09505190777942563,113.66390228271484,0.07725231643353792,0.02978650321348458,4894.7001953125,-0.003150548109054574,174056310.0,0.2284289757191711,,,2.93436322440155,4.11633838374488,23931000000.0
HPQ,2024-10-31,2024-12-13,4,14055000000.0,0.03964790295140164,0.017225157414778813,32.164066314697266,0.031935838384065995,0.02170776184285637,5149.77978515625,0.048741018443544615,174056310.0,0.2284289757191711,,,2.93436322440155,4.11633838374488,13504000000.0
INTC,2024-12-28,2025-01-31,4,14260000000.0,0.07347184582956934,-0.07438660262235497,19.43000030517578,-0.15152835681912546,0.030671552457183608,5015.85009765625,-0.05932290771924975,169530442.0,0.14698713270466235,,,2.79318715363841,2.94952520485207,12667000000.0
AMD,2024-12-28,2025-02-05,4,7658000000.0,0.12303856870508878,0.24156939040207526,112.01000213623048,-0.21041871102278087,0.024958368810703038,5091.5,0.018008813689912362,169530442.0,0.14698713270466235,,,2.79318715363841,2.94952520485207,7438000000.0
NVDA,2025-01-26,2025-02-26,1,39331000000.0,0.12111624194743742,0.7794417047459621,131.084228515625,-0.10486778915034323,0.03583868918915697,4990.81982421875,0.005595353789321633,169530442.0,0.14698713270466235,,,2.79318715363841,2.94952520485207,44062000000.0
HPQ,2025-01-31,2025-02-28,1,13504000000.0,-0.039203130558520094,0.024194160030337475,28.738203048706055,-0.2079524604152202,0.021440970362460787,4766.75,-0.0443411131973146,164655506.0,0.2064318479432521,,,2.79318715363841,2.94952520485207,13220000000.0
DELL,2025-01-31,2025-03-25,1,23931000000.0,-0.017852745629155398,0.07227350120978593,96.59918212890624,-0.11346950732886452,0.029839529653894414,4661.33984375,-0.047436759784418525,164655506.0,0.2064318479432521,,,2.79318715363841,2.94952520485207,23378000000.0
INTC,2025-03-29,2025-04-25,1,12667000000.0,-0.11171107994389906,-0.0044797233574347395,20.049999237060547,-0.037446024460029426,0.052950958399258986,4251.60986328125,-0.20410751339109479,166614803.0,0.18677511876012587,,,2.79318715363841,2.94952520485207,12859000000.0
AMD,2025-03-29,2025-05-07,1,7438000000.0,-0.028728127448419905,0.3590352640233876,100.36000061035156,-0.10400858230240706,0.04479276033389883,4386.35986328125,-0.13849359456324262,170940098.0,0.23078855480766447,,,2.79318715363841,2.94952520485207,7685000000.0
NVDA,2025-04-27,2025-05-28,2,44062000000.0,0.12028679667437903,0.6918292121025955,134.621337890625,0.02698348546620455,0.043077031252524024,4834.419921875,-0.03133751725213452,170940098.0,0.23078855480766447,,,2.79318715363841,2.94952520485207,46743000000.0
HPQ,2025-04-30,2025-05-29,2,13220000000.0,-0.021030805687203835,0.03281249999999991,23.463956832885746,-0.23922391615172622,0.034562971436719124,4860.47998046875,0.03706832676561578,170940098.0,0.23078855480766447,,,2.79318715363841,2.94952520485207,13932000000.0
DELL,2025-05-02,2025-06-10,2,23378000000.0,-0.02310810246124273,0.050980039561230095,111.36976623535156,0.24469021598624252,0.042154314019142304,5242.5,0.19854053791570636,177268407.0,0.18705361183003388,,,2.79318715363841,2.94952520485207,29776000000.0
INTC,2025-06-28,2025-07-24,2,12859000000.0,0.015157495855372183,0.0020260266500429225,22.6299991607666,0.09907717304811725,0.02802712296203242,5644.3701171875,0.41678804490905086,180351776.0,0.18650696391814647,,,2.79318715363841,2.94952520485207,13653000000.0
AMD,2025-06-28,2025-08-06,2,7685000000.0,0.03320785157300343,0.31705227077977716,163.1199951171875,0.6540254570499988,0.027788021577669724,5550.2998046875,0.2874140733993873,187358901.0,0.27026821648326926,,,2.79318715363841,2.94952520485207,9246000000.0
NVDA,2025-07-27,2025-08-27,3,46743000000.0,0.06084608052289964,0.5560252996005326,181.3584442138672,0.3471745791236631,0.016479999513216433,5824.60986328125,0.20482083836486642,187358901.0,0.27026821648326926,,,2.79318715363841,2.94952520485207,57006000000.0
HPQ,2025-07-31,2025-08-28,3,13932000000.0,0.05385779122541612,0.03054959686367331,26.96634864807129,0.14926688793924092,0.01798262619651801,5853.0498046875,0.20421230582314331,187358901.0,0.27026821648326926,,,2.79318715363841,2.94952520485207,14639000000.0
DELL,2025-08-01,2025-09-08,3,29776000000.0,0.27367610574043977,0.18980260529049797,121.45233154296876,0.08573878457548445,0.023605967187113296,5809.60986328125,0.1531442252998585,196130068.0,0.22760003581271926,19.816,,2.79318715363841,2.94952520485207,27005000000.0
AMD,2025-09-27,2025-11-05,3,9246000000.0,0.20312296681847752,0.355917289925209,256.3299865722656,0.48683292138731793,0.043278755485654505,7190.27001953125,0.2762961766254244,219341634.0,0.33182356601056107,20.044,,2.79318715363841,2.94952520485207,10270000000.0
INTC,2025-09-27,2025-11-06,3,13653000000.0,0.06174663659693591,0.02777777777777768,37.2400016784668,0.8666666794141926,0.04362555163698155,7018.39013671875,0.23606294316978382,219341634.0,0.33182356601056107,20.044,,2.79318715363841,2.94952520485207,13674000000.0
NVDA,2025-10-26,2025-11-19,4,57006000000.0,0.2195622874013221,0.6249358645459211,186.2823944091797,0.06601052109042471,0.023190523692747232,6670.02978515625,0.1903838237298392,219341634.0,0.33182356601056107,20.044,,2.79318715363841,2.94952520485207,68127000000.0
DELL,2025-10-31,2025-12-09,4,27005000000.0,-0.0930615260612574,0.10830665681687601,136.9671173095703,0.1146042550591797,0.030091458783063654,7372.509765625,0.2373948629456668,232050999.0,0.38904575674751385,20.043,,2.79318715363841,2.94952520485207,33379000000.0
HPQ,2025-10-31,2025-12-10,4,14639000000.0,0.05074648291702566,0.04155104944859489,24.489648818969727,-0.10056461516152826,0.02365833023938858,7467.490234375,0.24553866622296638,232050999.0,0.38904575674751385,20.043,,2.79318715363841,2.94952520485207,14438000000.0
INTC,2025-12-27,2026-01-23,4,13674000000.0,0.001538123489343013,-0.04109396914446006,45.06999969482422,0.22074761457421066,0.044779197169172794,7957.93017578125,0.19174046625746777,238878574.0,0.42691965780254426,20.06,,2.16138195623856,,13577000000.0
AMD,2025-12-27,2026-02-04,4,10270000000.0,0.11075059485182792,0.3410812222512405,200.19000244140625,-0.2290005501744139,0.039962804402234896,7619.16015625,0.04788768639093277,248012129.0,0.5911644789856361,19.943,,2.16138195623856,,10253000000.0
HPQ,2026-01-31,2026-02-25,1,14438000000.0,-0.013730446068720537,0.06916469194312791,17.703712463378906,-0.23093187318962072,0.019885631860894877,8467.4296875,0.3217079489151562,248012129.0,0.5911644789856361,19.943,,2.16138195623856,,14408000000.0
NVDA,2026-01-25,2026-02-25,1,68127000000.0,0.1950847279233765,0.7321451272533117,195.32176208496097,0.09330767712431376,0.02027732741651587,8467.4296875,0.3217079489151562,248012129.0,0.5911644789856361,19.943,,2.16138195623856,,81615000000.0
DELL,2026-01-30,2026-03-16,1,33379000000.0,0.23603036474726902,0.39480172161631355,155.7996826171875,0.13437829652520206,0.04022711567888957,7796.240234375,0.05191409204641939,267684312.0,0.8780719464948374,20.539,,2.16138195623856,,43842000000.0
INTC,2026-03-28,2026-04-24,1,13577000000.0,-0.007093754570718147,0.07184021473119118,82.54000091552734,0.8313734518397642,0.050404447185305616,10513.66015625,0.3211551149627734,298545632.0,0.881258961447235,20.535,,2.16138195623856,,16128000000.0
AMD,2026-03-28,2026-05-06,1,10253000000.0,-0.0016553067185978154,0.3784619521376713,421.3900146484375,1.1049503447195095,0.044555356549784465,11472.75,0.5057761964209269,331441521.0,1.0633355214251945,20.948,,2.16138195623856,,11536000000.0
