year,region,month,billings_thousand_usd
1986,Americas,January,555850
1986,Americas,February,633465
1986,Americas,March,756220
1986,Americas,April,689470
1986,Americas,May,718336
1986,Americas,June,797014
1986,Americas,July,707784
1986,Americas,August,697506
1986,Americas,September,803392
1986,Americas,October,702111
1986,Americas,November,673104
1986,Americas,December,774305
1986,Asia Pacific,January,105050
1986,Asia Pacific,February,115746
1986,Asia Pacific,March,147968
1986,Asia Pacific,April,156420
1986,Asia Pacific,May,167537
1986,Asia Pacific,June,185026
1986,Asia Pacific,July,186067
1986,Asia Pacific,August,187628
1986,Asia Pacific,September,208132
1986,Asia Pacific,October,196243
1986,Asia Pacific,November,191042
1986,Asia Pacific,December,205455
1986,Europe,January,346467
1986,Europe,February,401765
1986,Europe,March,461912
1986,Europe,April,436798
1986,Europe,May,446171
1986,Europe,June,472555
1986,Europe,July,439444
1986,Europe,August,426172
1986,Europe,September,507467
1986,Europe,October,493835
1986,Europe,November,431645
1986,Europe,December,479532
1986,Japan,January,638547
1986,Japan,February,750366
1986,Japan,March,840215
1986,Japan,April,838082
1986,Japan,May,870515
1986,Japan,June,922481
1986,Japan,July,996881
1986,Japan,August,914476
1986,Japan,September,971103
1986,Japan,October,949854
1986,Japan,November,875638
1986,Japan,December,882567
1986,Worldwide,January,1645914
1986,Worldwide,February,1901342
1986,Worldwide,March,2206315
1986,Worldwide,April,2120770
1986,Worldwide,May,2202559
1986,Worldwide,June,2377076
1986,Worldwide,July,2330176
1986,Worldwide,August,2225782
1986,Worldwide,September,2490094
1986,Worldwide,October,2342043
1986,Worldwide,November,2171429
1986,Worldwide,December,2341859
1987,Americas,January,662316
1987,Americas,February,695384
1987,Americas,March,879953
1987,Americas,April,783070
1987,Americas,May,819071
1987,Americas,June,934011
1987,Americas,July,851790
1987,Americas,August,875491
1987,Americas,September,996212
1987,Americas,October,896818
1987,Americas,November,879017
1987,Americas,December,986071
1987,Asia Pacific,January,189473
1987,Asia Pacific,February,218174
1987,Asia Pacific,March,258402
1987,Asia Pacific,April,270392
1987,Asia Pacific,May,285919
1987,Asia Pacific,June,307717
1987,Asia Pacific,July,299726
1987,Asia Pacific,August,290902
1987,Asia Pacific,September,300332
1987,Asia Pacific,October,296872
1987,Asia Pacific,November,304696
1987,Asia Pacific,December,328760
1987,Europe,January,446216
1987,Europe,February,460982
1987,Europe,March,551635
1987,Europe,April,483195
1987,Europe,May,522679
1987,Europe,June,542275
1987,Europe,July,459319
1987,Europe,August,456098
1987,Europe,September,587787
1987,Europe,October,538082
1987,Europe,November,559245
1987,Europe,December,580580
1987,Japan,January,839651
1987,Japan,February,885850
1987,Japan,March,947246
1987,Japan,April,937335
1987,Japan,May,980361
1987,Japan,June,1064083
1987,Japan,July,1093292
1987,Japan,August,1000056
1987,Japan,September,1157494
1987,Japan,October,1190420
1987,Japan,November,1271073
1987,Japan,December,1364929
1987,Worldwide,January,2137656
1987,Worldwide,February,2260390
1987,Worldwide,March,2637236
1987,Worldwide,April,2473992
1987,Worldwide,May,2608030
1987,Worldwide,June,2848086
1987,Worldwide,July,2704127
1987,Worldwide,August,2622547
1987,Worldwide,September,3041825
1987,Worldwide,October,2922192
1987,Worldwide,November,3014031
1987,Worldwide,December,3260340
1988,Americas,January,905615
1988,Americas,February,960564
1988,Americas,March,1128942
1988,Americas,April,1016859
1988,Americas,May,1081031
1988,Americas,June,1248108
1988,Americas,July,1119216
1988,Americas,August,1162241
1988,Americas,September,1276955
1988,Americas,October,1122817
1988,Americas,November,1162138
1988,Americas,December,1233554
1988,Asia Pacific,January,333531
1988,Asia Pacific,February,353147
1988,Asia Pacific,March,425174
1988,Asia Pacific,April,413350
1988,Asia Pacific,May,417382
1988,Asia Pacific,June,473157
1988,Asia Pacific,July,449794
1988,Asia Pacific,August,469838
1988,Asia Pacific,September,503026
1988,Asia Pacific,October,491929
1988,Asia Pacific,November,519455
1988,Asia Pacific,December,524330
1988,Europe,January,549355
1988,Europe,February,619132
1988,Europe,March,755057
1988,Europe,April,646877
1988,Europe,May,666687
1988,Europe,June,766987
1988,Europe,July,586428
1988,Europe,August,608248
1988,Europe,September,751428
1988,Europe,October,685134
1988,Europe,November,732369
1988,Europe,December,736179
1988,Japan,January,1287746
1988,Japan,February,1318583
1988,Japan,March,1400992
1988,Japan,April,1443163
1988,Japan,May,1443800
1988,Japan,June,1596692
1988,Japan,July,1534711
1988,Japan,August,1449729
1988,Japan,September,1531053
1988,Japan,October,1656425
1988,Japan,November,1716893
1988,Japan,December,1728988
1988,Worldwide,January,3076247
1988,Worldwide,February,3251426
1988,Worldwide,March,3710165
1988,Worldwide,April,3520249
1988,Worldwide,May,3608900
1988,Worldwide,June,4084944
1988,Worldwide,July,3690149
1988,Worldwide,August,3690056
1988,Worldwide,September,4062462
1988,Worldwide,October,3956305
1988,Worldwide,November,4130855
1988,Worldwide,December,4223051
1989,Americas,January,1111249
1989,Americas,February,1206446
1989,Americas,March,1370839
1989,Americas,April,1245328
1989,Americas,May,1233652
1989,Americas,June,1361968
1989,Americas,July,1153881
1989,Americas,August,1184987
1989,Americas,September,1339389
1989,Americas,October,1187775
1989,Americas,November,1208219
1989,Americas,December,1225302
1989,Asia Pacific,January,452290
1989,Asia Pacific,February,448872
1989,Asia Pacific,March,534755
1989,Asia Pacific,April,483634
1989,Asia Pacific,May,487818
1989,Asia Pacific,June,537878
1989,Asia Pacific,July,468980
1989,Asia Pacific,August,465634
1989,Asia Pacific,September,516908
1989,Asia Pacific,October,467975
1989,Asia Pacific,November,471064
1989,Asia Pacific,December,511758
1989,Europe,January,711490
1989,Europe,February,756220
1989,Europe,March,869481
1989,Europe,April,770203
1989,Europe,May,715541
1989,Europe,June,809640
1989,Europe,July,640689
1989,Europe,August,635671
1989,Europe,September,846311
1989,Europe,October,733167
1989,Europe,November,710850
1989,Europe,December,741299
1989,Japan,January,1551335
1989,Japan,February,1594165
1989,Japan,March,1641383
1989,Japan,April,1654175
1989,Japan,May,1561323
1989,Japan,June,1624493
1989,Japan,July,1632158
1989,Japan,August,1538493
1989,Japan,September,1581367
1989,Japan,October,1630395
1989,Japan,November,1573962
1989,Japan,December,1562514
1989,Worldwide,January,3826364
1989,Worldwide,February,4005703
1989,Worldwide,March,4416458
1989,Worldwide,April,4153340
1989,Worldwide,May,3998334
1989,Worldwide,June,4333979
1989,Worldwide,July,3895708
1989,Worldwide,August,3824785
1989,Worldwide,September,4283975
1989,Worldwide,October,4019312
1989,Worldwide,November,3964095
1989,Worldwide,December,4040873
1990,Americas,January,1055827
1990,Americas,February,1107641
1990,Americas,March,1326514
1990,Americas,April,1145964
1990,Americas,May,1193839
1990,Americas,June,1317676
1990,Americas,July,1130835
1990,Americas,August,1229168
1990,Americas,September,1335936
1990,Americas,October,1206712
1990,Americas,November,1182091
1990,Americas,December,1213234
1990,Asia Pacific,January,424172
1990,Asia Pacific,February,482574
1990,Asia Pacific,March,570160
1990,Asia Pacific,April,523270
1990,Asia Pacific,May,564258
1990,Asia Pacific,June,616154
1990,Asia Pacific,July,582145
1990,Asia Pacific,August,609515
1990,Asia Pacific,September,669269
1990,Asia Pacific,October,628863
1990,Asia Pacific,November,605038
1990,Asia Pacific,December,636326
1990,Europe,January,700723
1990,Europe,February,743146
1990,Europe,March,900981
1990,Europe,April,744998
1990,Europe,May,772192
1990,Europe,June,891609
1990,Europe,July,738098
1990,Europe,August,727183
1990,Europe,September,912755
1990,Europe,October,819633
1990,Europe,November,808928
1990,Europe,December,838388
1990,Japan,January,1421004
1990,Japan,February,1448870
1990,Japan,March,1472713
1990,Japan,April,1401811
1990,Japan,May,1456389
1990,Japan,June,1617484
1990,Japan,July,1684396
1990,Japan,August,1585911
1990,Japan,September,1825002
1990,Japan,October,1909542
1990,Japan,November,1924936
1990,Japan,December,1815059
1990,Worldwide,January,3601726
1990,Worldwide,February,3782231
1990,Worldwide,March,4270368
1990,Worldwide,April,3816043
1990,Worldwide,May,3986678
1990,Worldwide,June,4442923
1990,Worldwide,July,4135474
1990,Worldwide,August,4151777
1990,Worldwide,September,4742962
1990,Worldwide,October,4564750
1990,Worldwide,November,4520993
1990,Worldwide,December,4503007
1991,Americas,January,1143298
1991,Americas,February,1217353
1991,Americas,March,1426972
1991,Americas,April,1208734
1991,Americas,May,1232198
1991,Americas,June,1390279
1991,Americas,July,1151781
1991,Americas,August,1229369
1991,Americas,September,1480484
1991,Americas,October,1210419
1991,Americas,November,1291194
1991,Americas,December,1394192
1991,Asia Pacific,January,567864
1991,Asia Pacific,February,601440
1991,Asia Pacific,March,689775
1991,Asia Pacific,April,619630
1991,Asia Pacific,May,659335
1991,Asia Pacific,June,761638
1991,Asia Pacific,July,668927
1991,Asia Pacific,August,669731
1991,Asia Pacific,September,773053
1991,Asia Pacific,October,697074
1991,Asia Pacific,November,713730
1991,Asia Pacific,December,759125
1991,Europe,January,807995
1991,Europe,February,874934
1991,Europe,March,997469
1991,Europe,April,806641
1991,Europe,May,816393
1991,Europe,June,952982
1991,Europe,July,699730
1991,Europe,August,725496
1991,Europe,September,977120
1991,Europe,October,802799
1991,Europe,November,828180
1991,Europe,December,825121
1991,Japan,January,1612391
1991,Japan,February,1745898
1991,Japan,March,1787181
1991,Japan,April,1680403
1991,Japan,May,1697557
1991,Japan,June,1804178
1991,Japan,July,1812379
1991,Japan,August,1673650
1991,Japan,September,1854049
1991,Japan,October,1782817
1991,Japan,November,1758915
1991,Japan,December,1725581
1991,Worldwide,January,4131548
1991,Worldwide,February,4439625
1991,Worldwide,March,4901397
1991,Worldwide,April,4315408
1991,Worldwide,May,4405483
1991,Worldwide,June,4909077
1991,Worldwide,July,4332817
1991,Worldwide,August,4298246
1991,Worldwide,September,5084706
1991,Worldwide,October,4493109
1991,Worldwide,November,4592019
1991,Worldwide,December,4704019
1992,Americas,January,1283004
1992,Americas,February,1305160
1992,Americas,March,1606288
1992,Americas,April,1377033
1992,Americas,May,1386386
1992,Americas,June,1627983
1992,Americas,July,1417599
1992,Americas,August,1490870
1992,Americas,September,1811903
1992,Americas,October,1560184
1992,Americas,November,1657251
1992,Americas,December,1887095
1992,Asia Pacific,January,720399
1992,Asia Pacific,February,735101
1992,Asia Pacific,March,848402
1992,Asia Pacific,April,769133
1992,Asia Pacific,May,846552
1992,Asia Pacific,June,964585
1992,Asia Pacific,July,844812
1992,Asia Pacific,August,868982
1992,Asia Pacific,September,1018271
1992,Asia Pacific,October,912614
1992,Asia Pacific,November,993549
1992,Asia Pacific,December,1065256
1992,Europe,January,865778
1992,Europe,February,865850
1992,Europe,March,1007745
1992,Europe,April,848457
1992,Europe,May,867857
1992,Europe,June,1025466
1992,Europe,July,834451
1992,Europe,August,883351
1992,Europe,September,1188526
1992,Europe,October,1006966
1992,Europe,November,1020525
1992,Europe,December,1055456
1992,Japan,January,1546622
1992,Japan,February,1510697
1992,Japan,March,1516198
1992,Japan,April,1439648
1992,Japan,May,1462557
1992,Japan,June,1689422
1992,Japan,July,1781775
1992,Japan,August,1596386
1992,Japan,September,1840636
1992,Japan,October,1754525
1992,Japan,November,1658238
1992,Japan,December,1599414
1992,Worldwide,January,4415803
1992,Worldwide,February,4416808
1992,Worldwide,March,4978633
1992,Worldwide,April,4434271
1992,Worldwide,May,4563352
1992,Worldwide,June,5307456
1992,Worldwide,July,4878637
1992,Worldwide,August,4839589
1992,Worldwide,September,5859336
1992,Worldwide,October,5234289
1992,Worldwide,November,5329563
1992,Worldwide,December,5607221
1993,Americas,January,1576795
1993,Americas,February,1783951
1993,Americas,March,2201464
1993,Americas,April,1815346
1993,Americas,May,1898999
1993,Americas,June,2379808
1993,Americas,July,1854456
1993,Americas,August,2039793
1993,Americas,September,2539367
1993,Americas,October,2015423
1993,Americas,November,2136193
1993,Americas,December,2502413
1993,Asia Pacific,January,855980
1993,Asia Pacific,February,1010749
1993,Asia Pacific,March,1167016
1993,Asia Pacific,April,1094295
1993,Asia Pacific,May,1116039
1993,Asia Pacific,June,1259364
1993,Asia Pacific,July,1207058
1993,Asia Pacific,August,1266067
1993,Asia Pacific,September,1409681
1993,Asia Pacific,October,1205876
1993,Asia Pacific,November,1261237
1993,Asia Pacific,December,1314929
1993,Europe,January,936794
1993,Europe,February,1048188
1993,Europe,March,1317355
1993,Europe,April,1105437
1993,Europe,May,1174687
1993,Europe,June,1351115
1993,Europe,July,1085722
1993,Europe,August,1110055
1993,Europe,September,1480152
1993,Europe,October,1276641
1993,Europe,November,1339624
1993,Europe,December,1373228
1993,Japan,January,1473117
1993,Japan,February,1582069
1993,Japan,March,1759146
1993,Japan,April,1810633
1993,Japan,May,1848633
1993,Japan,June,2187141
1993,Japan,July,2217725
1993,Japan,August,2104810
1993,Japan,September,2353363
1993,Japan,October,2175919
1993,Japan,November,2178841
1993,Japan,December,2106991
1993,Worldwide,January,4842686
1993,Worldwide,February,5424957
1993,Worldwide,March,6444981
1993,Worldwide,April,5825711
1993,Worldwide,May,6038358
1993,Worldwide,June,7177428
1993,Worldwide,July,6364959
1993,Worldwide,August,6520724
1993,Worldwide,September,7782563
1993,Worldwide,October,6673859
1993,Worldwide,November,6915895
1993,Worldwide,December,7297560
1994,Americas,January,2195094
1994,Americas,February,2336042
1994,Americas,March,2775581
1994,Americas,April,2508645
1994,Americas,May,2514867
1994,Americas,June,3051443
1994,Americas,July,2462960
1994,Americas,August,2825889
1994,Americas,September,3425229
1994,Americas,October,2986537
1994,Americas,November,2962800
1994,Americas,December,3516499
1994,Asia Pacific,January,1282828
1994,Asia Pacific,February,1262962
1994,Asia Pacific,March,1543314
1994,Asia Pacific,April,1460412
1994,Asia Pacific,May,1515274
1994,Asia Pacific,June,1733660
1994,Asia Pacific,July,1537993
1994,Asia Pacific,August,1645354
1994,Asia Pacific,September,1857564
1994,Asia Pacific,October,1672517
1994,Asia Pacific,November,1752811
1994,Asia Pacific,December,1909684
1994,Europe,January,1291004
1994,Europe,February,1357721
1994,Europe,March,1589355
1994,Europe,April,1462097
1994,Europe,May,1478946
1994,Europe,June,1807893
1994,Europe,July,1398823
1994,Europe,August,1509781
1994,Europe,September,2025441
1994,Europe,October,1870808
1994,Europe,November,1939709
1994,Europe,December,2004707
1994,Japan,January,1898178
1994,Japan,February,2033128
1994,Japan,March,2308591
1994,Japan,April,2255227
1994,Japan,May,2268816
1994,Japan,June,2565505
1994,Japan,July,2631936
1994,Japan,August,2468047
1994,Japan,September,2768472
1994,Japan,October,2742697
1994,Japan,November,2806029
1994,Japan,December,2659723
1994,Worldwide,January,6667104
1994,Worldwide,February,6989853
1994,Worldwide,March,8216841
1994,Worldwide,April,7686381
1994,Worldwide,May,7777903
1994,Worldwide,June,9158501
1994,Worldwide,July,8031712
1994,Worldwide,August,8449071
1994,Worldwide,September,10076706
1994,Worldwide,October,9272559
1994,Worldwide,November,9461349
1994,Worldwide,December,10090613
1995,Americas,January,2975184
1995,Americas,February,3198121
1995,Americas,March,3994742
1995,Americas,April,3346810
1995,Americas,May,3451050
1995,Americas,June,4355697
1995,Americas,July,3398858
1995,Americas,August,3965714
1995,Americas,September,4852650
1995,Americas,October,4114971
1995,Americas,November,4386548
1995,Americas,December,4958117
1995,Asia Pacific,January,1842393
1995,Asia Pacific,February,2043788
1995,Asia Pacific,March,2469688
1995,Asia Pacific,April,2285955
1995,Asia Pacific,May,2408738
1995,Asia Pacific,June,2821276
1995,Asia Pacific,July,2432135
1995,Asia Pacific,August,2572269
1995,Asia Pacific,September,2749308
1995,Asia Pacific,October,2570824
1995,Asia Pacific,November,2669079
1995,Asia Pacific,December,2674418
1995,Europe,January,1887830
1995,Europe,February,2006521
1995,Europe,March,2485883
1995,Europe,April,2139874
1995,Europe,May,2190945
1995,Europe,June,2613929
1995,Europe,July,2064455
1995,Europe,August,2229756
1995,Europe,September,2851230
1995,Europe,October,2492094
1995,Europe,November,2644315
1995,Europe,December,2591838
1995,Japan,January,2518007
1995,Japan,February,2763394
1995,Japan,March,3166605
1995,Japan,April,3381908
1995,Japan,May,3323489
1995,Japan,June,3811247
1995,Japan,July,3592339
1995,Japan,August,3273628
1995,Japan,September,3422927
1995,Japan,October,3378168
1995,Japan,November,3432276
1995,Japan,December,3602689
1995,Worldwide,January,9223414
1995,Worldwide,February,10011824
1995,Worldwide,March,12116918
1995,Worldwide,April,11154547
1995,Worldwide,May,11374222
1995,Worldwide,June,13602149
1995,Worldwide,July,11487787
1995,Worldwide,August,12041368
1995,Worldwide,September,13876115
1995,Worldwide,October,12556058
1995,Worldwide,November,13132217
1995,Worldwide,December,13827062
1996,Americas,January,3675343
1996,Americas,February,3944980
1996,Americas,March,4567057
1996,Americas,April,3205334
1996,Americas,May,3248067
1996,Americas,June,3625373
1996,Americas,July,2787850
1996,Americas,August,3126662
1996,Americas,September,3909092
1996,Americas,October,3314033
1996,Americas,November,3398109
1996,Americas,December,3877116
1996,Asia Pacific,January,2412289
1996,Asia Pacific,February,2204552
1996,Asia Pacific,March,2623579
1996,Asia Pacific,April,2190414
1996,Asia Pacific,May,2101610
1996,Asia Pacific,June,2440959
1996,Asia Pacific,July,2002191
1996,Asia Pacific,August,2079751
1996,Asia Pacific,September,2478693
1996,Asia Pacific,October,2197499
1996,Asia Pacific,November,2292074
1996,Asia Pacific,December,2526581
1996,Europe,January,2452042
1996,Europe,February,2545294
1996,Europe,March,2824629
1996,Europe,April,2207867
1996,Europe,May,2073280
1996,Europe,June,2310978
1996,Europe,July,1746097
1996,Europe,August,1832233
1996,Europe,September,2571859
1996,Europe,October,2296102
1996,Europe,November,2265380
1996,Europe,December,2436228
1996,Japan,January,2866624
1996,Japan,February,3000074
1996,Japan,March,3203510
1996,Japan,April,2718915
1996,Japan,May,2730779
1996,Japan,June,2954049
1996,Japan,July,2714929
1996,Japan,August,2592154
1996,Japan,September,3028488
1996,Japan,October,2680685
1996,Japan,November,2848916
1996,Japan,December,2836114
1996,Worldwide,January,11406298
1996,Worldwide,February,11694900
1996,Worldwide,March,13218775
1996,Worldwide,April,10322530
1996,Worldwide,May,10153736
1996,Worldwide,June,11331358
1996,Worldwide,July,9251067
1996,Worldwide,August,9630800
1996,Worldwide,September,11988132
1996,Worldwide,October,10488318
1996,Worldwide,November,10804479
1996,Worldwide,December,11676039
1997,Americas,January,3030591
1997,Americas,February,3363775
1997,Americas,March,4647195
1997,Americas,April,3371540
1997,Americas,May,3732943
1997,Americas,June,4462311
1997,Americas,July,3380788
1997,Americas,August,3765124
1997,Americas,September,4686234
1997,Americas,October,3479007
1997,Americas,November,3760475
1997,Americas,December,4170911
1997,Asia Pacific,January,1952130
1997,Asia Pacific,February,2038418
1997,Asia Pacific,March,2984934
1997,Asia Pacific,April,2165731
1997,Asia Pacific,May,2432448
1997,Asia Pacific,June,2797763
1997,Asia Pacific,July,2397599
1997,Asia Pacific,August,2566652
1997,Asia Pacific,September,3097224
1997,Asia Pacific,October,2533531
1997,Asia Pacific,November,2569883
1997,Asia Pacific,December,2647733
1997,Europe,January,2119212
1997,Europe,February,2213728
1997,Europe,March,2791913
1997,Europe,April,2179595
1997,Europe,May,2174539
1997,Europe,June,2755834
1997,Europe,July,2000471
1997,Europe,August,2095908
1997,Europe,September,3052165
1997,Europe,October,2461922
1997,Europe,November,2554419
1997,Europe,December,2689093
1997,Japan,January,2409249
1997,Japan,February,2493755
1997,Japan,March,2858376
1997,Japan,April,2322244
1997,Japan,May,2713631
1997,Japan,June,3251312
1997,Japan,July,2849744
1997,Japan,August,2595026
1997,Japan,September,3001634
1997,Japan,October,2636161
1997,Japan,November,2509186
1997,Japan,December,2439064
1997,Worldwide,January,9511182
1997,Worldwide,February,10109676
1997,Worldwide,March,13282418
1997,Worldwide,April,10039110
1997,Worldwide,May,11053561
1997,Worldwide,June,13267220
1997,Worldwide,July,10628604
1997,Worldwide,August,11022709
1997,Worldwide,September,13837257
1997,Worldwide,October,11110621
1997,Worldwide,November,11393962
1997,Worldwide,December,11946800
1998,Americas,January,3133805
1998,Americas,February,3335998
1998,Americas,March,3853748
1998,Americas,April,3021827
1998,Americas,May,2949506
1998,Americas,June,3818223
1998,Americas,July,2877577
1998,Americas,August,3271366
1998,Americas,September,4210405
1998,Americas,October,3398594
1998,Americas,November,3478136
1998,Americas,December,4082741
1998,Asia Pacific,January,2019984
1998,Asia Pacific,February,2272918
1998,Asia Pacific,March,2698388
1998,Asia Pacific,April,2314450
1998,Asia Pacific,May,2037949
1998,Asia Pacific,June,2431241
1998,Asia Pacific,July,2109965
1998,Asia Pacific,August,2241523
1998,Asia Pacific,September,2790774
1998,Asia Pacific,October,2507198
1998,Asia Pacific,November,2605070
1998,Asia Pacific,December,2823332
1998,Europe,January,2296305
1998,Europe,February,2315488
1998,Europe,March,2728293
1998,Europe,April,2202143
1998,Europe,May,2081210
1998,Europe,June,2585314
1998,Europe,July,1984717
1998,Europe,August,2122412
1998,Europe,September,2998842
1998,Europe,October,2621688
1998,Europe,November,2684199
1998,Europe,December,2785653
1998,Japan,January,2107819
1998,Japan,February,2175518
1998,Japan,March,2429828
1998,Japan,April,2000880
1998,Japan,May,1960964
1998,Japan,June,2200326
1998,Japan,July,1998234
1998,Japan,August,1824718
1998,Japan,September,2271433
1998,Japan,October,2346921
1998,Japan,November,2274550
1998,Japan,December,2329826
1998,Worldwide,January,9557913
1998,Worldwide,February,10099922
1998,Worldwide,March,11710257
1998,Worldwide,April,9539300
1998,Worldwide,May,9029629
1998,Worldwide,June,11035104
1998,Worldwide,July,8970493
1998,Worldwide,August,9460019
1998,Worldwide,September,12271454
1998,Worldwide,October,10874401
1998,Worldwide,November,11041955
1998,Worldwide,December,12021552
1999,Americas,January,3219522
1999,Americas,February,3373861
1999,Americas,March,4259443
1999,Americas,April,3281477
1999,Americas,May,3435805
1999,Americas,June,4278314
1999,Americas,July,3617796
1999,Americas,August,3817852
1999,Americas,September,4637938
1999,Americas,October,4086671
1999,Americas,November,4200511
1999,Americas,December,5268690
1999,Asia Pacific,January,2476532
1999,Asia Pacific,February,2363997
1999,Asia Pacific,March,2989220
1999,Asia Pacific,April,2628275
1999,Asia Pacific,May,2716116
1999,Asia Pacific,June,3007709
1999,Asia Pacific,July,2780811
1999,Asia Pacific,August,2989192
1999,Asia Pacific,September,3827276
1999,Asia Pacific,October,3397875
1999,Asia Pacific,November,3791692
1999,Asia Pacific,December,4215605
1999,Europe,January,2294293
1999,Europe,February,2412757
1999,Europe,March,2890815
1999,Europe,April,2149507
1999,Europe,May,2206092
1999,Europe,June,2623049
1999,Europe,July,2233808
1999,Europe,August,2467182
1999,Europe,September,3276095
1999,Europe,October,2791699
1999,Europe,November,3133424
1999,Europe,December,3402553
1999,Japan,January,2280451
1999,Japan,February,2304261
1999,Japan,March,2677624
1999,Japan,April,2306819
1999,Japan,May,2371840
1999,Japan,June,2700963
1999,Japan,July,2610182
1999,Japan,August,2607673
1999,Japan,September,3149993
1999,Japan,October,3114181
1999,Japan,November,3300784
1999,Japan,December,3410326
1999,Worldwide,January,10270798
1999,Worldwide,February,10454876
1999,Worldwide,March,12817102
1999,Worldwide,April,10366078
1999,Worldwide,May,10729853
1999,Worldwide,June,12610035
1999,Worldwide,July,11242597
1999,Worldwide,August,11881899
1999,Worldwide,September,14891302
1999,Worldwide,October,13390426
1999,Worldwide,November,14426411
1999,Worldwide,December,16297174
2000,Americas,January,4132023
2000,Americas,February,4070165
2000,Americas,March,5594723
2000,Americas,April,4257407
2000,Americas,May,4915747
2000,Americas,June,6756937
2000,Americas,July,4947587
2000,Americas,August,5821267
2000,Americas,September,6923671
2000,Americas,October,4948717
2000,Americas,November,4936959
2000,Americas,December,6766156
2000,Asia Pacific,January,3550964
2000,Asia Pacific,February,3441499
2000,Asia Pacific,March,4468914
2000,Asia Pacific,April,3735897
2000,Asia Pacific,May,3953033
2000,Asia Pacific,June,5093919
2000,Asia Pacific,July,4221957
2000,Asia Pacific,August,4594272
2000,Asia Pacific,September,5291625
2000,Asia Pacific,October,3924623
2000,Asia Pacific,November,4111899
2000,Asia Pacific,December,4875379
2000,Europe,January,2949840
2000,Europe,February,3083193
2000,Europe,March,3858674
2000,Europe,April,3060428
2000,Europe,May,3275103
2000,Europe,June,4040056
2000,Europe,July,3007787
2000,Europe,August,3613962
2000,Europe,September,4244418
2000,Europe,October,3525230
2000,Europe,November,3634755
2000,Europe,December,4015491
2000,Japan,January,3158416
2000,Japan,February,3246422
2000,Japan,March,3655218
2000,Japan,April,3381266
2000,Japan,May,3552574
2000,Japan,June,4199465
2000,Japan,July,3913499
2000,Japan,August,4035747
2000,Japan,September,4690269
2000,Japan,October,4334285
2000,Japan,November,4256402
2000,Japan,December,4325783
2000,Worldwide,January,13791243
2000,Worldwide,February,13841279
2000,Worldwide,March,17577529
2000,Worldwide,April,14434998
2000,Worldwide,May,15696457
2000,Worldwide,June,20090377
2000,Worldwide,July,16090830
2000,Worldwide,August,18065248
2000,Worldwide,September,21149983
2000,Worldwide,October,16732855
2000,Worldwide,November,16940015
2000,Worldwide,December,19982809
2001,Americas,January,3664548
2001,Americas,February,3811278
2001,Americas,March,4865580
2001,Americas,April,2615034
2001,Americas,May,2575637
2001,Americas,June,3514163
2001,Americas,July,1978417
2001,Americas,August,2308767
2001,Americas,September,3028710
2001,Americas,October,2207125
2001,Americas,November,2268857
2001,Americas,December,2940332
2001,Asia Pacific,January,2715752
2001,Asia Pacific,February,3280120
2001,Asia Pacific,March,4278414
2001,Asia Pacific,April,3061114
2001,Asia Pacific,May,2855898
2001,Asia Pacific,June,3743768
2001,Asia Pacific,July,2711531
2001,Asia Pacific,August,3031622
2001,Asia Pacific,September,3986521
2001,Asia Pacific,October,3103773
2001,Asia Pacific,November,3288306
2001,Asia Pacific,December,3763262
2001,Europe,January,3052845
2001,Europe,February,2965906
2001,Europe,March,3819818
2001,Europe,April,2439495
2001,Europe,May,2196459
2001,Europe,June,2870184
2001,Europe,July,1692238
2001,Europe,August,1768516
2001,Europe,September,2822728
2001,Europe,October,2014167
2001,Europe,November,2119288
2001,Europe,December,2454622
2001,Japan,January,3532288
2001,Japan,February,3442623
2001,Japan,March,3807985
2001,Japan,April,2825404
2001,Japan,May,2783229
2001,Japan,June,3143546
2001,Japan,July,2388567
2001,Japan,August,2183770
2001,Japan,September,2662147
2001,Japan,October,2199451
2001,Japan,November,2111129
2001,Japan,December,2067676
2001,Worldwide,January,12965433
2001,Worldwide,February,13499927
2001,Worldwide,March,16771797
2001,Worldwide,April,10941047
2001,Worldwide,May,10411223
2001,Worldwide,June,13271661
2001,Worldwide,July,8770753
2001,Worldwide,August,9292675
2001,Worldwide,September,12500106
2001,Worldwide,October,9524516
2001,Worldwide,November,9787580
2001,Worldwide,December,11225892
2002,Americas,January,2204457
2002,Americas,February,2419266
2002,Americas,March,3209539
2002,Americas,April,2217146
2002,Americas,May,2519930
2002,Americas,June,3017547
2002,Americas,July,2255203
2002,Americas,August,2467481
2002,Americas,September,3176114
2002,Americas,October,2295235
2002,Americas,November,2608932
2002,Americas,December,2884627
2002,Asia Pacific,January,3146515
2002,Asia Pacific,February,3309197
2002,Asia Pacific,March,4812701
2002,Asia Pacific,April,3787661
2002,Asia Pacific,May,3883881
2002,Asia Pacific,June,4838755
2002,Asia Pacific,July,4065451
2002,Asia Pacific,August,4228547
2002,Asia Pacific,September,5241478
2002,Asia Pacific,October,4195297
2002,Asia Pacific,November,4598607
2002,Asia Pacific,December,5047626
2002,Europe,January,1806390
2002,Europe,February,2030798
2002,Europe,March,2932907
2002,Europe,April,1882454
2002,Europe,May,1899398
2002,Europe,June,2657578
2002,Europe,July,1906951
2002,Europe,August,2077459
2002,Europe,September,2964911
2002,Europe,October,2335639
2002,Europe,November,2525318
2002,Europe,December,2768676
2002,Japan,January,1883626
2002,Japan,February,2057970
2002,Japan,March,2385984
2002,Japan,April,2159778
2002,Japan,May,2434705
2002,Japan,June,2762239
2002,Japan,July,2784579
2002,Japan,August,2716235
2002,Japan,September,2984052
2002,Japan,October,2854822
2002,Japan,November,2703274
2002,Japan,December,2766384
2002,Worldwide,January,9040988
2002,Worldwide,February,9817231
2002,Worldwide,March,13341131
2002,Worldwide,April,10047039
2002,Worldwide,May,10737914
2002,Worldwide,June,13276119
2002,Worldwide,July,11012184
2002,Worldwide,August,11489722
2002,Worldwide,September,14366555
2002,Worldwide,October,11680993
2002,Worldwide,November,12436131
2002,Worldwide,December,13467313
2003,Americas,January,2180055
2003,Americas,February,2257864
2003,Americas,March,2938663
2003,Americas,April,2142606
2003,Americas,May,2501006
2003,Americas,June,2959157
2003,Americas,July,2203971
2003,Americas,August,2667699
2003,Americas,September,3382249
2003,Americas,October,2760664
2003,Americas,November,3022401
2003,Americas,December,3314347
2003,Asia Pacific,January,3931682
2003,Asia Pacific,February,3928697
2003,Asia Pacific,March,5436984
2003,Asia Pacific,April,4236839
2003,Asia Pacific,May,4351842
2003,Asia Pacific,June,5554289
2003,Asia Pacific,July,4657393
2003,Asia Pacific,August,5381795
2003,Asia Pacific,September,6822043
2003,Asia Pacific,October,5710950
2003,Asia Pacific,November,6050194
2003,Asia Pacific,December,6779910
2003,Europe,January,2119735
2003,Europe,February,2468121
2003,Europe,March,2996398
2003,Europe,April,2164981
2003,Europe,May,2237604
2003,Europe,June,2869079
2003,Europe,July,2327962
2003,Europe,August,2434715
2003,Europe,September,3375876
2003,Europe,October,3074324
2003,Europe,November,2993422
2003,Europe,December,3247809
2003,Japan,January,2709136
2003,Japan,February,2684795
2003,Japan,March,3244796
2003,Japan,April,2699072
2003,Japan,May,2999836
2003,Japan,June,3374873
2003,Japan,July,3123182
2003,Japan,August,3138268
2003,Japan,September,3822295
2003,Japan,October,3714630
2003,Japan,November,3621463
2003,Japan,December,3809850
2003,Worldwide,January,10940608
2003,Worldwide,February,11339477
2003,Worldwide,March,14616841
2003,Worldwide,April,11243498
2003,Worldwide,May,12090288
2003,Worldwide,June,14757398
2003,Worldwide,July,12312508
2003,Worldwide,August,13622477
2003,Worldwide,September,17402463
2003,Worldwide,October,15260568
2003,Worldwide,November,15687480
2003,Worldwide,December,17151916
2004,Americas,January,2467532
2004,Americas,February,3012035
2004,Americas,March,3748837
2004,Americas,April,2813374
2004,Americas,May,3030899
2004,Americas,June,4019400
2004,Americas,July,2834985
2004,Americas,August,3398409
2004,Americas,September,4028203
2004,Americas,October,3093517
2004,Americas,November,3228716
2004,Americas,December,3388643
2004,Asia Pacific,January,5361597
2004,Asia Pacific,February,6287404
2004,Asia Pacific,March,7730699
2004,Asia Pacific,April,6689747
2004,Asia Pacific,May,7275021
2004,Asia Pacific,June,8806293
2004,Asia Pacific,July,6856932
2004,Asia Pacific,August,7349988
2004,Asia Pacific,September,9179552
2004,Asia Pacific,October,7212937
2004,Asia Pacific,November,7721612
2004,Asia Pacific,December,8309664
2004,Europe,January,2583657
2004,Europe,February,3053706
2004,Europe,March,3795667
2004,Europe,April,2822133
2004,Europe,May,2941374
2004,Europe,June,3605878
2004,Europe,July,2942475
2004,Europe,August,3105213
2004,Europe,September,3997679
2004,Europe,October,3268991
2004,Europe,November,3541750
2004,Europe,December,3765607
2004,Japan,January,3413020
2004,Japan,February,3443989
2004,Japan,March,3962665
2004,Japan,April,3603145
2004,Japan,May,3599954
2004,Japan,June,4301863
2004,Japan,July,3844112
2004,Japan,August,3781467
2004,Japan,September,4234865
2004,Japan,October,3694039
2004,Japan,November,3902994
2004,Japan,December,3974597
2004,Worldwide,January,13825806
2004,Worldwide,February,15797134
2004,Worldwide,March,19237868
2004,Worldwide,April,15928399
2004,Worldwide,May,16847248
2004,Worldwide,June,20733434
2004,Worldwide,July,16478504
2004,Worldwide,August,17635077
2004,Worldwide,September,21440299
2004,Worldwide,October,17269484
2004,Worldwide,November,18395072
2004,Worldwide,December,19438511
2005,Americas,January,2981900
2005,Americas,February,3056434
2005,Americas,March,3702744
2005,Americas,April,2915431
2005,Americas,May,3007818
2005,Americas,June,3599324
2005,Americas,July,2795789
2005,Americas,August,3330615
2005,Americas,September,4216786
2005,Americas,October,3237951
2005,Americas,November,3724965
2005,Americas,December,4165834
2005,Asia Pacific,January,7489572
2005,Asia Pacific,February,7232398
2005,Asia Pacific,March,9000741
2005,Asia Pacific,April,7437040
2005,Asia Pacific,May,7657779
2005,Asia Pacific,June,9295174
2005,Asia Pacific,July,7859520
2005,Asia Pacific,August,8850313
2005,Asia Pacific,September,10648215
2005,Asia Pacific,October,8435154
2005,Asia Pacific,November,9065932
2005,Asia Pacific,December,10419504
2005,Europe,January,3113776
2005,Europe,February,3258018
2005,Europe,March,3752362
2005,Europe,April,2950200
2005,Europe,May,2877625
2005,Europe,June,3504530
2005,Europe,July,2758605
2005,Europe,August,2970676
2005,Europe,September,4139002
2005,Europe,October,3152284
2005,Europe,November,3302125
2005,Europe,December,3495940
2005,Japan,January,3720700
2005,Japan,February,3675568
2005,Japan,March,4093966
2005,Japan,April,3318904
2005,Japan,May,3439285
2005,Japan,June,3871861
2005,Japan,July,3392737
2005,Japan,August,3534294
2005,Japan,September,4175231
2005,Japan,October,3482735
2005,Japan,November,3639867
2005,Japan,December,3736913
2005,Worldwide,January,17305948
2005,Worldwide,February,17222418
2005,Worldwide,March,20549813
2005,Worldwide,April,16621575
2005,Worldwide,May,16982507
2005,Worldwide,June,20270889
2005,Worldwide,July,16806651
2005,Worldwide,August,18685898
2005,Worldwide,September,23179234
2005,Worldwide,October,18308124
2005,Worldwide,November,19732889
2005,Worldwide,December,21818191
2006,Americas,January,3238899
2006,Americas,February,3749786
2006,Americas,March,4212716
2006,Americas,April,2827869
2006,Americas,May,3533626
2006,Americas,June,4266343
2006,Americas,July,3295264
2006,Americas,August,3913696
2006,Americas,September,4469062
2006,Americas,October,3589107
2006,Americas,November,3850752
2006,Americas,December,3964785
2006,Asia Pacific,January,7829065
2006,Asia Pacific,February,8157558
2006,Asia Pacific,March,10832046
2006,Asia Pacific,April,8068809
2006,Asia Pacific,May,8953939
2006,Asia Pacific,June,10884068
2006,Asia Pacific,July,8415451
2006,Asia Pacific,August,9384896
2006,Asia Pacific,September,12248218
2006,Asia Pacific,October,9376916
2006,Asia Pacific,November,10754375
2006,Asia Pacific,December,11576401
2006,Europe,January,2760051
2006,Europe,February,3072567
2006,Europe,March,3877369
2006,Europe,April,2744920
2006,Europe,May,3028939
2006,Europe,June,3693588
2006,Europe,July,2794976
2006,Europe,August,3135332
2006,Europe,September,4305545
2006,Europe,October,3188311
2006,Europe,November,3557426
2006,Europe,December,3745301
2006,Japan,January,3589231
2006,Japan,February,3611379
2006,Japan,March,4173269
2006,Japan,April,3469510
2006,Japan,May,3710371
2006,Japan,June,4160418
2006,Japan,July,3710054
2006,Japan,August,3887125
2006,Japan,September,4475370
2006,Japan,October,3934976
2006,Japan,November,3886403
2006,Japan,December,3810115
2006,Worldwide,January,17417246
2006,Worldwide,February,18591290
2006,Worldwide,March,23095400
2006,Worldwide,April,17111108
2006,Worldwide,May,19226875
2006,Worldwide,June,23004417
2006,Worldwide,July,18215745
2006,Worldwide,August,20321049
2006,Worldwide,September,25498195
2006,Worldwide,October,20089310
2006,Worldwide,November,22048956
2006,Worldwide,December,23096602
2007,Americas,January,3306741
2007,Americas,February,2968395
2007,Americas,March,3750347
2007,Americas,April,3064006
2007,Americas,May,3216766
2007,Americas,June,3648920
2007,Americas,July,3572380
2007,Americas,August,3528971
2007,Americas,September,4315234
2007,Americas,October,3731363
2007,Americas,November,3429061
2007,Americas,December,3804099
2007,Asia Pacific,January,9139154
2007,Asia Pacific,February,8391316
2007,Asia Pacific,March,11743325
2007,Asia Pacific,April,8805648
2007,Asia Pacific,May,8810187
2007,Asia Pacific,June,11216491
2007,Asia Pacific,July,9604650
2007,Asia Pacific,August,10593623
2007,Asia Pacific,September,12832026
2007,Asia Pacific,October,10150963
2007,Asia Pacific,November,10704182
2007,Asia Pacific,December,11500657
2007,Europe,January,3154813
2007,Europe,February,3121053
2007,Europe,March,3887879
2007,Europe,April,2872733
2007,Europe,May,3034951
2007,Europe,June,3710211
2007,Europe,July,3106570
2007,Europe,August,3313138
2007,Europe,September,4169343
2007,Europe,October,3347538
2007,Europe,November,3526770
2007,Europe,December,3726531
2007,Japan,January,3690640
2007,Japan,February,3551242
2007,Japan,March,4380541
2007,Japan,April,3634430
2007,Japan,May,3732739
2007,Japan,June,4157847
2007,Japan,July,3997890
2007,Japan,August,4147168
2007,Japan,September,4630400
2007,Japan,October,4316276
2007,Japan,November,4210933
2007,Japan,December,4395197
2007,Worldwide,January,19291348
2007,Worldwide,February,18032006
2007,Worldwide,March,23762092
2007,Worldwide,April,18376817
2007,Worldwide,May,18794643
2007,Worldwide,June,22733469
2007,Worldwide,July,20281490
2007,Worldwide,August,21582900
2007,Worldwide,September,25947003
2007,Worldwide,October,21546140
2007,Worldwide,November,21870946
2007,Worldwide,December,23426484
2008,Americas,January,3100604
2008,Americas,February,2877532
2008,Americas,March,3984607
2008,Americas,April,3076190
2008,Americas,May,3070677
2008,Americas,June,4060136
2008,Americas,July,2910958
2008,Americas,August,2990409
2008,Americas,September,3719854
2008,Americas,October,2908989
2008,Americas,November,2609885
2008,Americas,December,2570700
2008,Asia Pacific,January,9256369
2008,Asia Pacific,February,8667192
2008,Asia Pacific,March,12196335
2008,Asia Pacific,April,9081676
2008,Asia Pacific,May,10269700
2008,Asia Pacific,June,13189908
2008,Asia Pacific,July,10557193
2008,Asia Pacific,August,11425022
2008,Asia Pacific,September,14066556
2008,Asia Pacific,October,9413586
2008,Asia Pacific,November,8217419
2008,Asia Pacific,December,7633778
2008,Europe,January,3063307
2008,Europe,February,3132229
2008,Europe,March,3863534
2008,Europe,April,3012964
2008,Europe,May,3105750
2008,Europe,June,3987974
2008,Europe,July,3086103
2008,Europe,August,3266770
2008,Europe,September,4080230
2008,Europe,October,2912918
2008,Europe,November,2516643
2008,Europe,December,2221065
2008,Japan,January,3690441
2008,Japan,February,3822103
2008,Japan,March,5152161
2008,Japan,April,3760884
2008,Japan,May,3804104
2008,Japan,June,4281998
2008,Japan,July,4230796
2008,Japan,August,4145240
2008,Japan,September,4397158
2008,Japan,October,4144357
2008,Japan,November,3615144
2008,Japan,December,3453664
2008,Worldwide,January,19110721
2008,Worldwide,February,18499056
2008,Worldwide,March,25196637
2008,Worldwide,April,18931714
2008,Worldwide,May,20250231
2008,Worldwide,June,25520016
2008,Worldwide,July,20785050
2008,Worldwide,August,21827441
2008,Worldwide,September,26263798
2008,Worldwide,October,19379850
2008,Worldwide,November,16959091
2008,Worldwide,December,15879207
2009,Americas,January,2427384
2009,Americas,February,2331771
2009,Americas,March,2966882
2009,Americas,April,2646156
2009,Americas,May,2757266
2009,Americas,June,3431831
2009,Americas,July,3137376
2009,Americas,August,3301314
2009,Americas,September,4019742
2009,Americas,October,3714890
2009,Americas,November,3924271
2009,Americas,December,3860935
2009,Asia Pacific,January,5918868
2009,Asia Pacific,February,6797439
2009,Asia Pacific,March,9198839
2009,Asia Pacific,April,8891834
2009,Asia Pacific,May,8773281
2009,Asia Pacific,June,10277822
2009,Asia Pacific,July,10184808
2009,Asia Pacific,August,10449917
2009,Asia Pacific,September,13021470
2009,Asia Pacific,October,11707929
2009,Asia Pacific,November,11153337
2009,Asia Pacific,December,13252885
2009,Europe,January,2058728
2009,Europe,February,2043423
2009,Europe,March,2415081
2009,Europe,April,2048610
2009,Europe,May,2115748
2009,Europe,June,2494004
2009,Europe,July,2382320
2009,Europe,August,2364238
2009,Europe,September,3111201
2009,Europe,October,2950902
2009,Europe,November,2997667
2009,Europe,December,2883181
2009,Japan,January,2610058
2009,Japan,February,2269423
2009,Japan,March,2659884
2009,Japan,April,2766939
2009,Japan,May,2863005
2009,Japan,June,3382533
2009,Japan,July,3470460
2009,Japan,August,3267101
2009,Japan,September,4171677
2009,Japan,October,3807165
2009,Japan,November,3551632
2009,Japan,December,3480139
2009,Worldwide,January,13015038
2009,Worldwide,February,13442056
2009,Worldwide,March,17240686
2009,Worldwide,April,16353539
2009,Worldwide,May,16509300
2009,Worldwide,June,19586190
2009,Worldwide,July,19174964
2009,Worldwide,August,19382570
2009,Worldwide,September,24324090
2009,Worldwide,October,22180886
2009,Worldwide,November,21626907
2009,Worldwide,December,23477140
2010,Americas,January,3551756
2010,Americas,February,3677112
2010,Americas,March,4671398
2010,Americas,April,3983738
2010,Americas,May,4482195
2010,Americas,June,5224489
2010,Americas,July,4482542
2010,Americas,August,4749066
2010,Americas,September,5135133
2010,Americas,October,4485400
2010,Americas,November,4494515
2010,Americas,December,4738005
2010,Asia Pacific,January,12171535
2010,Asia Pacific,February,11035895
2010,Asia Pacific,March,14640439
2010,Asia Pacific,April,12955575
2010,Asia Pacific,May,12869510
2010,Asia Pacific,June,14414553
2010,Asia Pacific,July,12971586
2010,Asia Pacific,August,13508303
2010,Asia Pacific,September,15519120
2010,Asia Pacific,October,12585120
2010,Asia Pacific,November,12829391
2010,Asia Pacific,December,14524184
2010,Europe,January,2903466
2010,Europe,February,2827244
2010,Europe,March,3468082
2010,Europe,April,2921673
2010,Europe,May,2983503
2010,Europe,June,3346649
2010,Europe,July,3000910
2010,Europe,August,3009367
2010,Europe,September,3688415
2010,Europe,October,3322437
2010,Europe,November,3245440
2010,Europe,December,3336607
2010,Japan,January,3445584
2010,Japan,February,3466880
2010,Japan,March,3938402
2010,Japan,April,3622303
2010,Japan,May,3567561
2010,Japan,June,4056266
2010,Japan,July,3974414
2010,Japan,August,4054234
2010,Japan,September,4534197
2010,Japan,October,4010288
2010,Japan,November,3932415
2010,Japan,December,3958218
2010,Worldwide,January,22072341
2010,Worldwide,February,21007131
2010,Worldwide,March,26718321
2010,Worldwide,April,23483289
2010,Worldwide,May,23902769
2010,Worldwide,June,27041957
2010,Worldwide,July,24429452
2010,Worldwide,August,25320970
2010,Worldwide,September,28876865
2010,Worldwide,October,24403245
2010,Worldwide,November,24501761
2010,Worldwide,December,26557014
2011,Americas,January,4836916
2011,Americas,February,4262842
2011,Americas,March,5083462
2011,Americas,April,4398007
2011,Americas,May,4403388
2011,Americas,June,5300690
2011,Americas,July,4201157
2011,Americas,August,4235088
2011,Americas,September,5391839
2011,Americas,October,4377263
2011,Americas,November,3986315
2011,Americas,December,4720447
2011,Asia Pacific,January,13521958
2011,Asia Pacific,February,11612881
2011,Asia Pacific,March,15765605
2011,Asia Pacific,April,13094683
2011,Asia Pacific,May,13092604
2011,Asia Pacific,June,14828599
2011,Asia Pacific,July,12961345
2011,Asia Pacific,August,13647523
2011,Asia Pacific,September,16201166
2011,Asia Pacific,October,12670308
2011,Asia Pacific,November,12497128
2011,Asia Pacific,December,14136399
2011,Europe,January,3312201
2011,Europe,February,3089922
2011,Europe,March,3624106
2011,Europe,April,3173005
2011,Europe,May,3070730
2011,Europe,June,3385153
2011,Europe,July,2938273
2011,Europe,August,2881078
2011,Europe,September,3580930
2011,Europe,October,2783543
2011,Europe,November,2714566
2011,Europe,December,2837628
2011,Japan,January,3502052
2011,Japan,February,3336209
2011,Japan,March,3987004
2011,Japan,April,2924444
2011,Japan,May,3107417
2011,Japan,June,3880361
2011,Japan,July,3414402
2011,Japan,August,3639282
2011,Japan,September,4337420
2011,Japan,October,3670125
2011,Japan,November,3446524
2011,Japan,December,3657350
2011,Worldwide,January,25173127
2011,Worldwide,February,22301854
2011,Worldwide,March,28460177
2011,Worldwide,April,23590139
2011,Worldwide,May,23674139
2011,Worldwide,June,27394803
2011,Worldwide,July,23515177
2011,Worldwide,August,24402971
2011,Worldwide,September,29511355
2011,Worldwide,October,23501239
2011,Worldwide,November,22644533
2011,Worldwide,December,25351824
2012,Americas,January,4251913
2012,Americas,February,4253697
2012,Americas,March,4852072
2012,Americas,April,4565408
2012,Americas,May,3995239
2012,Americas,June,4355960
2012,Americas,July,4042116
2012,Americas,August,4125300
2012,Americas,September,5082619
2012,Americas,October,5117070
2012,Americas,November,4856400
2012,Americas,December,4861009
2012,Asia Pacific,January,11261449
2012,Asia Pacific,February,11848252
2012,Asia Pacific,March,14631027
2012,Asia Pacific,April,13446794
2012,Asia Pacific,May,13098689
2012,Asia Pacific,June,14885837
2012,Asia Pacific,July,13221948
2012,Asia Pacific,August,13107343
2012,Asia Pacific,September,15555596
2012,Asia Pacific,October,13751063
2012,Asia Pacific,November,13525470
2012,Asia Pacific,December,14651116
2012,Europe,January,2759232
2012,Europe,February,2572282
2012,Europe,March,3145198
2012,Europe,April,2736920
2012,Europe,May,2631170
2012,Europe,June,3083382
2012,Europe,July,2742960
2012,Europe,August,2474009
2012,Europe,September,3142371
2012,Europe,October,2760286
2012,Europe,November,2508294
2012,Europe,December,2606909
2012,Japan,January,3209526
2012,Japan,February,3269158
2012,Japan,March,3779082
2012,Japan,April,3081824
2012,Japan,May,3228228
2012,Japan,June,3984100
2012,Japan,July,3602545
2012,Japan,August,3332507
2012,Japan,September,4000959
2012,Japan,October,3261881
2012,Japan,November,2971609
2012,Japan,December,3334297
2012,Worldwide,January,21482120
2012,Worldwide,February,21943389
2012,Worldwide,March,26407379
2012,Worldwide,April,23830946
2012,Worldwide,May,22953326
2012,Worldwide,June,26309279
2012,Worldwide,July,23609569
2012,Worldwide,August,23039159
2012,Worldwide,September,27781545
2012,Worldwide,October,24890300
2012,Worldwide,November,23861773
2012,Worldwide,December,25453331
2013,Americas,January,4588684
2013,Americas,February,3964858
2013,Americas,March,4605110
2013,Americas,April,4504559
2013,Americas,May,4695936
2013,Americas,June,5088799
2013,Americas,July,5276950
2013,Americas,August,5203487
2013,Americas,September,6168151
2013,Americas,October,5769260
2013,Americas,November,5686117
2013,Americas,December,5943590
2013,Asia Pacific,January,12992692
2013,Asia Pacific,February,12007921
2013,Asia Pacific,March,15339677
2013,Asia Pacific,April,13789775
2013,Asia Pacific,May,14391376
2013,Asia Pacific,June,15494377
2013,Asia Pacific,July,14299285
2013,Asia Pacific,August,14710256
2013,Asia Pacific,September,16499559
2013,Asia Pacific,October,14443779
2013,Asia Pacific,November,14548986
2013,Asia Pacific,December,15892012
2013,Europe,January,2855280
2013,Europe,February,2612810
2013,Europe,March,3069280
2013,Europe,April,2806498
2013,Europe,May,2638952
2013,Europe,June,3075646
2013,Europe,July,2833259
2013,Europe,August,2829476
2013,Europe,September,3287816
2013,Europe,October,3029350
2013,Europe,November,2915040
2013,Europe,December,2929997
2013,Japan,January,2691754
2013,Japan,February,2518569
2013,Japan,March,3202688
2013,Japan,April,2446457
2013,Japan,May,2585201
2013,Japan,June,3127348
2013,Japan,July,3089942
2013,Japan,August,2921348
2013,Japan,September,3432340
2013,Japan,October,2965895
2013,Japan,November,2821297
2013,Japan,December,2992425
2013,Worldwide,January,23128410
2013,Worldwide,February,21104158
2013,Worldwide,March,26216755
2013,Worldwide,April,23547289
2013,Worldwide,May,24311465
2013,Worldwide,June,26786170
2013,Worldwide,July,25499436
2013,Worldwide,August,25664567
2013,Worldwide,September,29387866
2013,Worldwide,October,26208284
2013,Worldwide,November,25971440
2013,Worldwide,December,27758024
2014,Americas,January,5147459
2014,Americas,February,4863549
2014,Americas,March,5229275
2014,Americas,April,4903629
2014,Americas,May,5012949
2014,Americas,June,5803857
2014,Americas,July,5597133
2014,Americas,August,5926494
2014,Americas,September,6650011
2014,Americas,October,6654691
2014,Americas,November,6282068
2014,Americas,December,7252719
2014,Asia Pacific,January,14161499
2014,Asia Pacific,February,14827733
2014,Asia Pacific,March,16540479
2014,Asia Pacific,April,14931593
2014,Asia Pacific,May,15889112
2014,Asia Pacific,June,17297567
2014,Asia Pacific,July,15942850
2014,Asia Pacific,August,16348810
2014,Asia Pacific,September,18512281
2014,Asia Pacific,October,16302073
2014,Asia Pacific,November,16553730
2014,Asia Pacific,December,16922103
2014,Europe,January,3006428
2014,Europe,February,2938778
2014,Europe,March,3289521
2014,Europe,April,2954300
2014,Europe,May,3106549
2014,Europe,June,3517028
2014,Europe,July,3104611
2014,Europe,August,3029255
2014,Europe,September,3495327
2014,Europe,October,3094637
2014,Europe,November,2983455
2014,Europe,December,2939012
2014,Japan,January,2716687
2014,Japan,February,2712476
2014,Japan,March,3010751
2014,Japan,April,2805809
2014,Japan,May,2815175
2014,Japan,June,3284760
2014,Japan,July,3017027
2014,Japan,August,2909083
2014,Japan,September,3166328
2014,Japan,October,2962455
2014,Japan,November,2664856
2014,Japan,December,2764945
2014,Worldwide,January,25032073
2014,Worldwide,February,25342536
2014,Worldwide,March,28070026
2014,Worldwide,April,25595331
2014,Worldwide,May,26823785
2014,Worldwide,June,29903212
2014,Worldwide,July,27661621
2014,Worldwide,August,28213642
2014,Worldwide,September,31823947
2014,Worldwide,October,29013856
2014,Worldwide,November,28484109
2014,Worldwide,December,29878779
2015,Americas,January,5991437
2015,Americas,February,5446663
2015,Americas,March,5977805
2015,Americas,April,5413064
2015,Americas,May,5475446
2015,Americas,June,5710841
2015,Americas,July,5357005
2015,Americas,August,5734288
2015,Americas,September,6378976
2015,Americas,October,6032594
2015,Americas,November,5785315
2015,Americas,December,5434501
2015,Asia Pacific,January,15935413
2015,Asia Pacific,February,15381536
2015,Asia Pacific,March,17870302
2015,Asia Pacific,April,16296025
2015,Asia Pacific,May,17058439
2015,Asia Pacific,June,17850651
2015,Asia Pacific,July,15748025
2015,Asia Pacific,August,16812683
2015,Asia Pacific,September,18532118
2015,Asia Pacific,October,16622238
2015,Asia Pacific,November,16445700
2015,Asia Pacific,December,16517343
2015,Europe,January,2917262
2015,Europe,February,2776189
2015,Europe,March,3173811
2015,Europe,April,2718242
2015,Europe,May,2728661
2015,Europe,June,3030053
2015,Europe,July,2745077
2015,Europe,August,2647163
2015,Europe,September,3219463
2015,Europe,October,2851929
2015,Europe,November,2732998
2015,Europe,December,2716691
2015,Japan,January,2429145
2015,Japan,February,2469549
2015,Japan,March,2738802
2015,Japan,April,2412424
2015,Japan,May,2465476
2015,Japan,June,2817736
2015,Japan,July,2619438
2015,Japan,August,2577574
2015,Japan,September,2859727
2015,Japan,October,2650865
2015,Japan,November,2528916
2015,Japan,December,2532262
2015,Worldwide,January,27273257
2015,Worldwide,February,26073937
2015,Worldwide,March,29760720
2015,Worldwide,April,26839755
2015,Worldwide,May,27728022
2015,Worldwide,June,29409281
2015,Worldwide,July,26469545
2015,Worldwide,August,27771708
2015,Worldwide,September,30990284
2015,Worldwide,October,28157626
2015,Worldwide,November,27492929
2015,Worldwide,December,27200797
2016,Americas,January,5015519
2016,Americas,February,4645417
2016,Americas,March,5013270
2016,Americas,April,4688167
2016,Americas,May,4672037
2016,Americas,June,5458764
2016,Americas,July,5181088
2016,Americas,August,5655510
2016,Americas,September,6217760
2016,Americas,October,6305529
2016,Americas,November,6232739
2016,Americas,December,6451697
2016,Asia Pacific,January,15890315
2016,Asia Pacific,February,15344756
2016,Asia Pacific,March,16785738
2016,Asia Pacific,April,15468881
2016,Asia Pacific,May,15969043
2016,Asia Pacific,June,17292101
2016,Asia Pacific,July,16916336
2016,Asia Pacific,August,17805793
2016,Asia Pacific,September,19822931
2016,Asia Pacific,October,18366031
2016,Asia Pacific,November,18761053
2016,Asia Pacific,December,19971700
2016,Europe,January,2667477
2016,Europe,February,2601037
2016,Europe,March,2727631
2016,Europe,April,2601618
2016,Europe,May,2550151
2016,Europe,June,2875235
2016,Europe,July,2657225
2016,Europe,August,2603686
2016,Europe,September,3011607
2016,Europe,October,2833175
2016,Europe,November,2807319
2016,Europe,December,2770567
2016,Japan,January,2406899
2016,Japan,February,2479111
2016,Japan,March,2885339
2016,Japan,April,2420213
2016,Japan,May,2353666
2016,Japan,June,2800903
2016,Japan,July,2659002
2016,Japan,August,2741833
2016,Japan,September,3021155
2016,Japan,October,2898299
2016,Japan,November,2782121
2016,Japan,December,2843411
2016,Worldwide,January,25980210
2016,Worldwide,February,25070321
2016,Worldwide,March,27411978
2016,Worldwide,April,25178879
2016,Worldwide,May,25544897
2016,Worldwide,June,28427003
2016,Worldwide,July,27413651
2016,Worldwide,August,28806822
2016,Worldwide,September,32073453
2016,Worldwide,October,30403034
2016,Worldwide,November,30583232
2016,Worldwide,December,32037375
2017,Americas,January,5730781
2017,Americas,February,5807315
2017,Americas,March,6350709
2017,Americas,April,6087358
2017,Americas,May,6360910
2017,Americas,June,7313536
2017,Americas,July,7153867
2017,Americas,August,8184862
2017,Americas,September,8644358
2017,Americas,October,8792787
2017,Americas,November,8860372
2017,Americas,December,9206668
2017,Asia Pacific,January,17910613
2017,Asia Pacific,February,18574419
2017,Asia Pacific,March,20757115
2017,Asia Pacific,April,18685422
2017,Asia Pacific,May,19578155
2017,Asia Pacific,June,21436898
2017,Asia Pacific,July,20326779
2017,Asia Pacific,August,21423174
2017,Asia Pacific,September,22863300
2017,Asia Pacific,October,21676833
2017,Asia Pacific,November,22328251
2017,Asia Pacific,December,23259670
2017,Europe,January,2933730
2017,Europe,February,2746272
2017,Europe,March,3187802
2017,Europe,April,3024800
2017,Europe,May,3104396
2017,Europe,June,3361664
2017,Europe,July,3139210
2017,Europe,August,3166177
2017,Europe,September,3534750
2017,Europe,October,3393270
2017,Europe,November,3346019
2017,Europe,December,3373381
2017,Japan,January,2729733
2017,Japan,February,2679264
2017,Japan,March,3113700
2017,Japan,April,2836939
2017,Japan,May,2897350
2017,Japan,June,3199061
2017,Japan,July,3023297
2017,Japan,August,3155019
2017,Japan,September,3241928
2017,Japan,October,3196618
2017,Japan,November,3190511
2017,Japan,December,3331901
2017,Worldwide,January,29304857
2017,Worldwide,February,29807270
2017,Worldwide,March,33409326
2017,Worldwide,April,30634519
2017,Worldwide,May,31940811
2017,Worldwide,June,35311159
2017,Worldwide,July,33643153
2017,Worldwide,August,35929232
2017,Worldwide,September,38284336
2017,Worldwide,October,37059508
2017,Worldwide,November,37725153
2017,Worldwide,December,39171620
2018,Americas,January,7816739
2018,Americas,February,7735375
2018,Americas,March,8717938
2018,Americas,April,8019027
2018,Americas,May,7996382
2018,Americas,June,9017943
2018,Americas,July,8168704
2018,Americas,August,9296113
2018,Americas,September,11039817
2018,Americas,October,9207248
2018,Americas,November,8501628
2018,Americas,December,7480283
2018,Asia Pacific,January,21495743
2018,Asia Pacific,February,20927966
2018,Asia Pacific,March,24172691
2018,Asia Pacific,April,22439029
2018,Asia Pacific,May,23688146
2018,Asia Pacific,June,25597494
2018,Asia Pacific,July,23176808
2018,Asia Pacific,August,25889302
2018,Asia Pacific,September,26350858
2018,Asia Pacific,October,23418727
2018,Asia Pacific,November,23703721
2018,Asia Pacific,December,22002285
2018,Europe,January,3507239
2018,Europe,February,3443247
2018,Europe,March,3856051
2018,Europe,April,3649273
2018,Europe,May,3583167
2018,Europe,June,3765497
2018,Europe,July,3337214
2018,Europe,August,3507201
2018,Europe,September,3909256
2018,Europe,October,3489972
2018,Europe,November,3534085
2018,Europe,December,3374830
2018,Japan,January,3096407
2018,Japan,February,3109211
2018,Japan,March,3428833
2018,Japan,April,3330515
2018,Japan,May,3288777
2018,Japan,June,3563435
2018,Japan,July,3322525
2018,Japan,August,3335171
2018,Japan,September,3540741
2018,Japan,October,3343938
2018,Japan,November,3285539
2018,Japan,December,3316194
2018,Worldwide,January,35916128
2018,Worldwide,February,35215799
2018,Worldwide,March,40175513
2018,Worldwide,April,37437844
2018,Worldwide,May,38556472
2018,Worldwide,June,41944369
2018,Worldwide,July,38005251
2018,Worldwide,August,42027787
2018,Worldwide,September,44840672
2018,Worldwide,October,39459885
2018,Worldwide,November,39024973
2018,Worldwide,December,36173592
2019,Americas,January,5950687
2019,Americas,February,5649028
2019,Americas,March,6554652
2019,Americas,April,5366282
2019,Americas,May,5835030
2019,Americas,June,6477186
2019,Americas,July,5964352
2019,Americas,August,6763966
2019,Americas,September,7472681
2019,Americas,October,7685707
2019,Americas,November,7395197
2019,Americas,December,7504703
2019,Asia Pacific,January,19007603
2019,Asia Pacific,February,19414999
2019,Asia Pacific,March,22432963
2019,Asia Pacific,April,19223142
2019,Asia Pacific,May,20983632
2019,Asia Pacific,June,21964542
2019,Asia Pacific,July,20581471
2019,Asia Pacific,August,22839839
2019,Asia Pacific,September,24293197
2019,Asia Pacific,October,21890193
2019,Asia Pacific,November,22384365
2019,Asia Pacific,December,22862645
2019,Europe,January,3410052
2019,Europe,February,3363382
2019,Europe,March,3509253
2019,Europe,April,3245857
2019,Europe,May,3309625
2019,Europe,June,3268970
2019,Europe,July,3251646
2019,Europe,August,3278395
2019,Europe,September,3553845
2019,Europe,October,3295414
2019,Europe,November,3232841
2019,Europe,December,3096793
2019,Japan,January,2868808
2019,Japan,February,2774356
2019,Japan,March,2916222
2019,Japan,April,2883838
2019,Japan,May,2853359
2019,Japan,June,3158452
2019,Japan,July,2986946
2019,Japan,August,3054097
2019,Japan,September,3331937
2019,Japan,October,3062630
2019,Japan,November,2954333
2019,Japan,December,3147863
2019,Worldwide,January,31237150
2019,Worldwide,February,31201765
2019,Worldwide,March,35413090
2019,Worldwide,April,30719119
2019,Worldwide,May,32981646
2019,Worldwide,June,34869150
2019,Worldwide,July,32784415
2019,Worldwide,August,35936297
2019,Worldwide,September,38651660
2019,Worldwide,October,35933944
2019,Worldwide,November,35966736
2019,Worldwide,December,36612004
2020,Americas,January,7208217
2020,Americas,February,7164971
2020,Americas,March,7741609
2020,Americas,April,6914549
2020,Americas,May,7428932
2020,Americas,June,8548798
2020,Americas,July,7141254
2020,Americas,August,7965060
2020,Americas,September,8954991
2020,Americas,October,8584019
2020,Americas,November,9244994
2020,Americas,December,8468687
2020,Asia Pacific,January,19962835
2020,Asia Pacific,February,20263191
2020,Asia Pacific,March,23396261
2020,Asia Pacific,April,19768480
2020,Asia Pacific,May,21204500
2020,Asia Pacific,June,22784216
2020,Asia Pacific,July,21264572
2020,Asia Pacific,August,23535404
2020,Asia Pacific,September,26366866
2020,Asia Pacific,October,23591528
2020,Asia Pacific,November,23968190
2020,Asia Pacific,December,24926381
2020,Europe,January,3403141
2020,Europe,February,3277345
2020,Europe,March,3487521
2020,Europe,April,2577468
2020,Europe,May,2569559
2020,Europe,June,2956656
2020,Europe,July,2809945
2020,Europe,August,3034217
2020,Europe,September,3246947
2020,Europe,October,3436705
2020,Europe,November,3451950
2020,Europe,December,3268226
2020,Japan,January,2870732
2020,Japan,February,2812583
2020,Japan,March,2971588
2020,Japan,April,2754748
2020,Japan,May,2847058
2020,Japan,June,3068459
2020,Japan,July,3057783
2020,Japan,August,2961663
2020,Japan,September,3187563
2020,Japan,October,3212584
2020,Japan,November,3473308
2020,Japan,December,3253104
2020,Worldwide,January,33444925
2020,Worldwide,February,33518090
2020,Worldwide,March,37596979
2020,Worldwide,April,32015245
2020,Worldwide,May,34050049
2020,Worldwide,June,37358129
2020,Worldwide,July,34273554
2020,Worldwide,August,37496344
2020,Worldwide,September,41756367
2020,Worldwide,October,38824836
2020,Worldwide,November,40138442
2020,Worldwide,December,39916398
2021,Americas,January,7962853
2021,Americas,February,7944497
2021,Americas,March,8713428
2021,Americas,April,8577456
2021,Americas,May,9425094
2021,Americas,June,10112446
2021,Americas,July,9867186
2021,Americas,August,10999640
2021,Americas,September,11469892
2021,Americas,October,10637996
2021,Americas,November,12494591
2021,Americas,December,13276254
2021,Asia Pacific,January,25335323
2021,Asia Pacific,February,24375852
2021,Asia Pacific,March,28210096
2021,Asia Pacific,April,26991977
2021,Asia Pacific,May,27965749
2021,Asia Pacific,June,29152469
2021,Asia Pacific,July,27954754
2021,Asia Pacific,August,30764843
2021,Asia Pacific,September,30775278
2021,Asia Pacific,October,28618835
2021,Asia Pacific,November,31583574
2021,Asia Pacific,December,31238491
2021,Europe,January,3639027
2021,Europe,February,3541287
2021,Europe,March,3863775
2021,Europe,April,3857550
2021,Europe,May,3756545
2021,Europe,June,4110824
2021,Europe,July,3755895
2021,Europe,August,3972094
2021,Europe,September,4363932
2021,Europe,October,4115587
2021,Europe,November,4377977
2021,Europe,December,4402284
2021,Japan,January,3088228
2021,Japan,February,3126323
2021,Japan,March,3542104
2021,Japan,April,3398497
2021,Japan,May,3402255
2021,Japan,June,3799530
2021,Japan,July,3697571
2021,Japan,August,3780267
2021,Japan,September,4037858
2021,Japan,October,3874468
2021,Japan,November,3933647
2021,Japan,December,4006415
2021,Worldwide,January,40025431
2021,Worldwide,February,38987959
2021,Worldwide,March,44329403
2021,Worldwide,April,42825480
2021,Worldwide,May,44549643
2021,Worldwide,June,47175269
2021,Worldwide,July,45275406
2021,Worldwide,August,49516844
2021,Worldwide,September,50646960
2021,Worldwide,October,47246886
2021,Worldwide,November,52389789
2021,Worldwide,December,52923444
2022,Americas,January,10219295
2022,Americas,February,11533221
2022,Americas,March,12738970
2022,Americas,April,11625499
2022,Americas,May,12613681
2022,Americas,June,12100136
2022,Americas,July,10804439
2022,Americas,August,11522933
2022,Americas,September,13774165
2022,Americas,October,11688909
2022,Americas,November,11057371
2022,Americas,December,11457333
2022,Asia Pacific,January,28400151
2022,Asia Pacific,February,30343718
2022,Asia Pacific,March,32884730
2022,Asia Pacific,April,28333137
2022,Asia Pacific,May,31122857
2022,Asia Pacific,June,29406183
2022,Asia Pacific,July,25228516
2022,Asia Pacific,August,26987299
2022,Asia Pacific,September,26985699
2022,Asia Pacific,October,24097271
2022,Asia Pacific,November,23626157
2022,Asia Pacific,December,23521171
2022,Europe,January,4547539
2022,Europe,February,4582790
2022,Europe,March,4756086
2022,Europe,April,4058609
2022,Europe,May,4419662
2022,Europe,June,4566618
2022,Europe,July,4409117
2022,Europe,August,4583540
2022,Europe,September,4559000
2022,Europe,October,4454559
2022,Europe,November,4437356
2022,Europe,December,4478233
2022,Japan,January,3726176
2022,Japan,February,3847033
2022,Japan,March,4169438
2022,Japan,April,3941630
2022,Japan,May,4292541
2022,Japan,June,4023622
2022,Japan,July,4013737
2022,Japan,August,4066435
2022,Japan,September,4079358
2022,Japan,October,4030426
2022,Japan,November,3948385
2022,Japan,December,4019463
2022,Worldwide,January,46893161
2022,Worldwide,February,50306762
2022,Worldwide,March,54549224
2022,Worldwide,April,47958875
2022,Worldwide,May,52448741
2022,Worldwide,June,50096559
2022,Worldwide,July,44455809
2022,Worldwide,August,47160207
2022,Worldwide,September,49398222
2022,Worldwide,October,44271165
2022,Worldwide,November,43069269
2022,Worldwide,December,43476200
2023,Americas,January,9002994
2023,Americas,February,9395490
2023,Americas,March,10426524
2023,Americas,April,8806483
2023,Americas,May,9946461
2023,Americas,June,12298284
2023,Americas,July,10751171
2023,Americas,August,11475553
2023,Americas,September,13139106
2023,Americas,October,11971442
2023,Americas,November,13434747
2023,Americas,December,13729063
2023,Asia Pacific,January,20140251
2023,Asia Pacific,February,20447421
2023,Asia Pacific,March,24721530
2023,Asia Pacific,April,21113795
2023,Asia Pacific,May,22683446
2023,Asia Pacific,June,25820601
2023,Asia Pacific,July,22201592
2023,Asia Pacific,August,23802074
2023,Asia Pacific,September,27117003
2023,Asia Pacific,October,26125327
2023,Asia Pacific,November,26452611
2023,Asia Pacific,December,29368189
2023,Europe,January,4537556
2023,Europe,February,4408022
2023,Europe,March,4845999
2023,Europe,April,4468853
2023,Europe,May,4783517
2023,Europe,June,4870674
2023,Europe,July,4532194
2023,Europe,August,4637191
2023,Europe,September,5293609
2023,Europe,October,4455602
2023,Europe,November,4262038
2023,Europe,December,4667519
2023,Japan,January,3781574
2023,Japan,February,3912308
2023,Japan,March,3891443
2023,Japan,April,3873144
2023,Japan,May,4000470
2023,Japan,June,4048502
2023,Japan,July,3750443
2023,Japan,August,3952244
2023,Japan,September,4022239
2023,Japan,October,3827818
2023,Japan,November,3838010
2023,Japan,December,3853298
2023,Worldwide,January,37462375
2023,Worldwide,February,38163241
2023,Worldwide,March,43885496
2023,Worldwide,April,38262275
2023,Worldwide,May,41413894
2023,Worldwide,June,47038061
2023,Worldwide,July,41235400
2023,Worldwide,August,43867062
2023,Worldwide,September,49571957
2023,Worldwide,October,46380189
2023,Worldwide,November,47987406
2023,Worldwide,December,51618069
2024,Americas,January,11725442
2024,Americas,February,12242370
2024,Americas,March,14370787
2024,Americas,April,12525457
2024,Americas,May,14786593
2024,Americas,June,17012422
2024,Americas,July,14423623
2024,Americas,August,18244138
2024,Americas,September,19066463
2024,Americas,October,18727383
2024,Americas,November,20710242
2024,Americas,December,21287587
2024,Asia Pacific,January,24932559
2024,Asia Pacific,February,24814021
2024,Asia Pacific,March,29394303
2024,Asia Pacific,April,24617367
2024,Asia Pacific,May,28222927
2024,Asia Pacific,June,29282974
2024,Asia Pacific,July,26513686
2024,Asia Pacific,August,29650675
2024,Asia Pacific,September,32740166
2024,Asia Pacific,October,26879887
2024,Asia Pacific,November,30089659
2024,Asia Pacific,December,30298370
2024,Europe,January,4211671
2024,Europe,February,4211986
2024,Europe,March,4549024
2024,Europe,April,4020870
2024,Europe,May,4085829
2024,Europe,June,4426970
2024,Europe,July,3966809
2024,Europe,August,4379528
2024,Europe,September,4933134
2024,Europe,October,4139333
2024,Europe,November,4226356
2024,Europe,December,4098708
2024,Japan,January,3392699
2024,Japan,February,3553205
2024,Japan,March,3736395
2024,Japan,April,3599206
2024,Japan,May,3789036
2024,Japan,June,3938601
2024,Japan,July,3983817
2024,Japan,August,4074354
2024,Japan,September,4571058
2024,Japan,October,4049766
2024,Japan,November,3922863
2024,Japan,December,4128287
2024,Worldwide,January,44262371
2024,Worldwide,February,44821582
2024,Worldwide,March,52050509
2024,Worldwide,April,44762900
2024,Worldwide,May,50884385
2024,Worldwide,June,54660967
2024,Worldwide,July,48887935
2024,Worldwide,August,56348695
2024,Worldwide,September,61310821
2024,Worldwide,October,53796369
2024,Worldwide,November,58949120
2024,Worldwide,December,59812952
2025,Americas,January,16648460
2025,Americas,February,18028610
2025,Americas,March,20713691
2025,Americas,April,16088850
2025,Americas,May,18569494
2025,Americas,June,20768301
2025,Americas,July,20871700
2025,Americas,August,21419182
2025,Americas,September,25145834
2025,Americas,October,23591451
2025,Americas,November,25936756
2025,Americas,December,28694121
2025,Asia Pacific,January,26473983
2025,Asia Pacific,February,28544613
2025,Asia Pacific,March,32197775
2025,Asia Pacific,April,31356653
2025,Asia Pacific,May,33973437
2025,Asia Pacific,June,35651258
2025,Asia Pacific,July,33334793
2025,Asia Pacific,August,39499033
2025,Asia Pacific,September,43984832
2025,Asia Pacific,October,39514299
2025,Asia Pacific,November,47316124
2025,Asia Pacific,December,47899782
2025,Europe,January,3986378
2025,Europe,February,3937454
2025,Europe,March,4770882
2025,Europe,April,4119821
2025,Europe,May,4367810
2025,Europe,June,4645944
2025,Europe,July,4186096
2025,Europe,August,4523945
2025,Europe,September,5412979
2025,Europe,October,4706092
2025,Europe,November,4941819
2025,Europe,December,5094834
2025,Japan,January,3659549
2025,Japan,February,3563507
2025,Japan,March,4089901
2025,Japan,April,3528341
2025,Japan,May,3491752
2025,Japan,June,3790115
2025,Japan,July,3708201
2025,Japan,August,3731500
2025,Japan,September,3977057
2025,Japan,October,3835430
2025,Japan,November,3688326
2025,Japan,December,3659540
2025,Worldwide,January,50768370
2025,Worldwide,February,54074184
2025,Worldwide,March,61772249
2025,Worldwide,April,55093665
2025,Worldwide,May,60402493
2025,Worldwide,June,64855618
2025,Worldwide,July,62100790
2025,Worldwide,August,69173660
2025,Worldwide,September,78520702
2025,Worldwide,October,71647272
2025,Worldwide,November,81883025
2025,Worldwide,December,85348277
2026,Americas,January,24625051
2026,Americas,February,36199755
2026,Americas,March,40595854
2026,Americas,April,41534424
2026,Americas,May,46422927
2026,Asia Pacific,January,46998751
2026,Asia Pacific,February,54762826
2026,Asia Pacific,March,64615492
2026,Asia Pacific,April,60958983
2026,Asia Pacific,May,72642332
2026,Europe,January,5506393
2026,Europe,February,6560532
2026,Europe,March,6530959
2026,Europe,April,6754705
2026,Europe,May,8014839
2026,Japan,January,3650632
2026,Japan,February,4032095
2026,Japan,March,4467292
2026,Japan,April,4428604
2026,Japan,May,4857631
2026,Worldwide,January,80780827
2026,Worldwide,February,101555208
2026,Worldwide,March,116209597
2026,Worldwide,April,113676716
2026,Worldwide,May,131937729
