Year,Week,BA_NSA,HBA_NSA,WBA_NSA,CBA_NSA,YY_BA_NSA,YY_HBA_NSA,YY_WBA_NSA,YY_CBA_NSA
2006,1,39250,23240,14950,12790,,,,
2006,2,36820,23820,15810,14410,,,,
2006,3,62920,38330,24430,21690,,,,
2006,4,51520,31460,20260,17260,,,,
2006,5,60890,36520,22800,19900,,,,
2006,6,62150,36940,22800,19660,,,,
2006,7,61010,35780,21850,19090,,,,
2006,8,57310,34070,20710,18880,,,,
2006,9,51590,30430,18480,16940,,,,
2006,10,62790,36750,22150,20380,,,,
2006,11,60420,35580,21440,19990,,,,
2006,12,62050,37130,22060,21490,,,,
2006,13,61480,35950,21310,20240,,,,
2006,14,61820,35900,21240,19870,,,,
2006,15,58660,33990,20110,18800,,,,
2006,16,54410,31130,18220,16940,,,,
2006,17,54380,30900,18170,16950,,,,
2006,18,57510,34470,20140,19730,,,,
2006,19,57960,34820,19920,20190,,,,
2006,20,54740,32680,19320,18700,,,,
2006,21,53660,31780,18740,18170,,,,
2006,22,52000,31000,18570,17560,,,,
2006,23,40010,23360,14130,13340,,,,
2006,24,53280,31250,18660,17710,,,,
2006,25,53250,31570,18680,18140,,,,
2006,26,49930,29620,17660,16700,,,,
2006,27,49640,29540,17630,16870,,,,
2006,28,35110,20690,12470,11880,,,,
2006,29,50740,29850,18020,16660,,,,
2006,30,49510,29170,17450,16570,,,,
2006,31,48530,28690,17250,16100,,,,
2006,32,47990,28390,17120,15980,,,,
2006,33,48700,28530,16740,16200,,,,
2006,34,48430,28290,16810,15650,,,,
2006,35,49740,28940,17360,16070,,,,
2006,36,48930,28110,16640,15710,,,,
2006,37,36610,21500,12760,12340,,,,
2006,38,48140,28080,16440,15860,,,,
2006,39,47960,28250,16420,15880,,,,
2006,40,49440,28770,17010,16250,,,,
2006,41,48890,28530,16860,16050,,,,
2006,42,37270,21990,13010,12610,,,,
2006,43,44790,26380,15520,14740,,,,
2006,44,45350,27030,15970,15190,,,,
2006,45,44650,26740,15950,15250,,,,
2006,46,35320,21260,12520,12030,,,,
2006,47,50420,29930,17710,16960,,,,
2006,48,35580,20800,12300,11390,,,,
2006,49,43280,25920,15560,14620,,,,
2006,50,44560,26710,16070,15100,,,,
2006,51,45450,27230,16690,15290,,,,
2006,52,60750,36290,22300,20160,,,,
2007,1,41290,24980,15820,14290,5.2,7.49,5.82,11.73
2007,2,17610,11020,7110,6500,-52.17,-53.74,-55.03,-54.89
2007,3,74550,45950,28840,25970,18.48,19.88,18.05,19.73
2007,4,50820,31050,19270,17090,-1.36,-1.3,-4.89,-0.98
2007,5,61170,36520,22260,19890,0.46,0.0,-2.37,-0.05
2007,6,61230,36240,22450,19120,-1.48,-1.89,-1.54,-2.75
2007,7,57320,33590,20200,18060,-6.05,-6.12,-7.55,-5.4
2007,8,53940,31660,19110,17150,-5.88,-7.07,-7.73,-9.16
2007,9,45880,26620,15620,14310,-11.07,-12.52,-15.48,-15.53
2007,10,61400,35650,21190,19290,-2.21,-2.99,-4.33,-5.35
2007,11,66080,38690,23040,21490,9.37,8.74,7.46,7.5
2007,12,59570,35210,20680,19880,-4.0,-5.17,-6.26,-7.49
2007,13,59170,34520,20450,19190,-3.76,-3.98,-4.04,-5.19
2007,14,57250,33520,19900,18410,-7.39,-6.63,-6.31,-7.35
2007,15,56110,32410,19330,17370,-4.35,-4.65,-3.88,-7.61
2007,16,53150,30450,18130,15930,-2.32,-2.18,-0.49,-5.96
2007,17,55310,31290,18270,16500,1.71,1.26,0.55,-2.65
2007,18,57440,33890,20200,18390,-0.12,-1.68,0.3,-6.79
2007,19,56260,33110,19720,18240,-2.93,-4.91,-1.0,-9.66
2007,20,53400,31360,18410,17450,-2.45,-4.04,-4.71,-6.68
2007,21,53110,31690,18140,18050,-1.02,-0.28,-3.2,-0.66
2007,22,53770,32070,18960,18140,3.4,3.45,2.1,3.3
2007,23,41370,24380,14510,13750,3.4,4.37,2.69,3.07
2007,24,54460,31750,18850,17710,2.21,1.6,1.02,0.0
2007,25,50740,29680,17570,16570,-4.71,-5.99,-5.94,-8.65
2007,26,50150,29570,17800,16560,0.44,-0.17,0.79,-0.84
2007,27,50740,30090,17910,16840,2.22,1.86,1.59,-0.18
2007,28,38400,22920,13840,12810,9.37,10.78,10.99,7.83
2007,29,48350,28290,16900,15530,-4.71,-5.23,-6.22,-6.78
2007,30,50100,29440,17570,16280,1.19,0.93,0.69,-1.75
2007,31,47290,27190,16140,14730,-2.56,-5.23,-6.43,-8.51
2007,32,52960,31210,18540,17100,10.36,9.93,8.29,7.01
2007,33,48770,28580,16940,15920,0.14,0.18,1.19,-1.73
2007,34,46040,26880,15910,14810,-4.93,-4.98,-5.35,-5.37
2007,35,48260,28390,16580,15910,-2.98,-1.9,-4.49,-1.0
2007,36,50020,29180,17240,16160,2.23,3.81,3.61,2.86
2007,37,35060,19820,11510,10830,-4.23,-7.81,-9.8,-12.24
2007,38,49320,28360,16450,15580,2.45,1.0,0.06,-1.77
2007,39,60570,31870,17050,17510,26.29,12.81,3.84,10.26
2007,40,54480,27810,14130,14970,10.19,-3.34,-16.93,-7.88
2007,41,54650,27820,14150,15340,11.78,-2.49,-16.07,-4.42
2007,42,43150,21600,10470,11780,15.78,-1.77,-19.52,-6.58
2007,43,51140,25220,12170,13500,14.18,-4.4,-21.59,-8.41
2007,44,50340,25450,12700,13450,11.0,-5.85,-20.48,-11.45
2007,45,49040,24810,12370,13290,9.83,-7.22,-22.45,-12.85
2007,46,47940,24090,11700,12840,35.73,13.31,-6.55,6.73
2007,47,42580,21500,10700,11600,-15.55,-28.17,-39.58,-31.6
2007,48,33740,16940,8500,9090,-5.17,-18.56,-30.89,-20.19
2007,49,46110,23170,11660,12450,6.54,-10.61,-25.06,-14.84
2007,50,47310,23780,11930,12830,6.17,-10.97,-25.76,-15.03
2007,51,47130,24040,12120,12840,3.7,-11.72,-27.38,-16.02
2007,52,50220,26010,13820,14070,-17.33,-28.33,-38.03,-30.21
2008,1,32450,17070,9400,9220,-21.41,-31.67,-40.58,-35.48
2008,2,33770,18130,10290,10180,91.77,64.52,44.73,56.62
2008,3,60460,31320,16600,16620,-18.9,-31.84,-42.44,-36.0
2008,4,60250,31180,15870,16220,18.56,0.42,-17.64,-5.09
2008,5,54500,27330,13960,13970,-10.9,-25.16,-37.29,-29.76
2008,6,61420,31020,15630,15430,0.31,-14.4,-30.38,-19.3
2008,7,57200,28530,14290,14720,-0.21,-15.06,-29.26,-18.49
2008,8,55560,27350,13820,13970,3.0,-13.61,-27.68,-18.54
2008,9,52370,26000,13000,13460,14.15,-2.33,-16.77,-5.94
2008,10,61550,30710,15440,15360,0.24,-13.86,-27.14,-20.37
2008,11,59870,29810,14780,15330,-9.4,-22.95,-35.85,-28.66
2008,12,59210,29550,14430,15820,-0.6,-16.07,-30.22,-20.42
2008,13,57480,28760,13870,15310,-2.86,-16.69,-32.18,-20.22
2008,14,56010,27880,13790,14700,-2.17,-16.83,-30.7,-20.15
2008,15,58260,28550,14000,14550,3.83,-11.91,-27.57,-16.23
2008,16,56460,27000,12830,13670,6.23,-11.33,-29.23,-14.19
2008,17,56150,26920,12830,13460,1.52,-13.97,-29.78,-18.42
2008,18,54510,27410,13370,14310,-5.1,-19.12,-33.81,-22.19
2008,19,55570,28160,13970,14830,-1.23,-14.95,-29.16,-18.7
2008,20,53880,27090,13050,14410,0.9,-13.62,-29.11,-17.42
2008,21,53150,26520,12890,13940,0.08,-16.31,-28.94,-22.77
2008,22,51600,25670,12630,13550,-4.04,-19.96,-33.39,-25.3
2008,23,42440,21370,10590,11240,2.59,-12.35,-27.02,-18.25
2008,24,51670,25660,12580,13440,-5.12,-19.18,-33.26,-24.11
2008,25,48860,24390,11960,13020,-3.71,-17.82,-31.93,-21.42
2008,26,47880,24200,11990,12780,-4.53,-18.16,-32.64,-22.83
2008,27,40740,20440,10230,10710,-19.71,-32.07,-42.88,-36.4
2008,28,38750,19470,9760,10390,0.91,-15.05,-29.48,-18.89
2008,29,47510,23510,11700,12310,-1.74,-16.9,-30.77,-20.73
2008,30,48270,24080,11870,12370,-3.65,-18.21,-32.44,-24.02
2008,31,48650,24250,11920,12410,2.88,-10.81,-26.15,-15.75
2008,32,48360,24130,11850,12200,-8.69,-22.69,-36.08,-28.65
2008,33,56120,26020,13410,12110,15.07,-8.96,-20.84,-23.93
2008,34,46130,22590,11110,11570,0.2,-15.96,-30.17,-21.88
2008,35,47000,22750,11190,11530,-2.61,-19.87,-32.51,-27.53
2008,36,47560,22980,11360,11810,-4.92,-21.25,-34.11,-26.92
2008,37,38570,18790,9520,9610,10.01,-5.2,-17.29,-11.27
2008,38,48620,23940,11620,12220,-1.42,-15.59,-29.36,-21.57
2008,39,47090,23190,11310,11980,-22.26,-27.24,-33.67,-31.58
2008,40,47830,23400,11530,12030,-12.21,-15.86,-18.4,-19.64
2008,41,46380,22540,10880,11630,-15.13,-18.98,-23.11,-24.19
2008,42,45180,21650,10500,11000,4.7,0.23,0.29,-6.62
2008,43,38890,19050,9220,9680,-23.95,-24.46,-24.24,-28.3
2008,44,45350,22220,10670,11390,-9.91,-12.69,-15.98,-15.32
2008,45,43750,21720,10670,11050,-10.79,-12.45,-13.74,-16.85
2008,46,42590,20910,10120,10820,-11.16,-13.2,-13.5,-15.73
2008,47,41110,20150,9640,10320,-3.45,-6.28,-9.91,-11.03
2008,48,44510,21670,10400,10910,31.92,27.92,22.35,20.02
2008,49,29450,14430,7120,7460,-36.13,-37.72,-38.94,-40.08
2008,50,41650,20400,9980,10470,-11.96,-14.21,-16.35,-18.39
2008,51,43170,21580,10990,11070,-8.4,-10.23,-9.32,-13.79
2008,52,41900,21030,10830,10780,-16.57,-19.15,-21.64,-23.38
2008,53,23750,12210,6530,6550,,,,
2009,1,32490,16430,8700,8570,0.12,-3.75,-7.45,-7.05
2009,2,55260,28700,15410,14990,63.64,58.3,49.76,47.25
2009,3,53940,27190,13820,13810,-10.78,-13.19,-16.75,-16.91
2009,4,47900,23990,12070,11930,-20.5,-23.06,-23.94,-26.45
2009,5,54250,26530,13440,12910,-0.46,-2.93,-3.72,-7.59
2009,6,53270,25600,12650,12460,-13.27,-17.47,-19.07,-19.25
2009,7,51320,24790,12310,12400,-10.28,-13.11,-13.86,-15.76
2009,8,49110,23510,11650,11700,-11.61,-14.04,-15.7,-16.25
2009,9,53930,26060,12670,13200,2.98,0.23,-2.54,-1.93
2009,10,53430,25950,12610,13170,-13.19,-15.5,-18.33,-14.26
2009,11,53660,26190,12570,13570,-10.37,-12.14,-14.95,-11.48
2009,12,53820,26280,12840,13520,-9.1,-11.07,-11.02,-14.54
2009,13,54080,26230,12790,13220,-5.92,-8.8,-7.79,-13.65
2009,14,52850,25390,12450,12600,-5.64,-8.93,-9.72,-14.29
2009,15,49450,23540,11310,11720,-15.12,-17.55,-19.21,-19.45
2009,16,50130,23390,11040,11610,-11.21,-13.37,-13.95,-15.07
2009,17,51300,25370,12510,12940,-8.64,-5.76,-2.49,-3.86
2009,18,51680,25710,12670,13230,-5.19,-6.2,-5.24,-7.55
2009,19,49350,24160,11790,12480,-11.19,-14.2,-15.6,-15.85
2009,20,49070,24020,11710,12250,-8.93,-11.33,-10.27,-14.99
2009,21,48320,23440,11410,12110,-9.09,-11.61,-11.48,-13.13
2009,22,39810,19200,9510,9860,-22.85,-25.2,-24.7,-27.23
2009,23,49050,23560,11490,11890,15.57,10.25,8.5,5.78
2009,24,47990,23220,11510,11700,-7.12,-9.51,-8.51,-12.95
2009,25,47070,22720,11310,11530,-3.66,-6.85,-5.43,-11.44
2009,26,45330,22030,10820,11200,-5.33,-8.97,-9.76,-12.36
2009,27,38400,18780,9300,9650,-5.74,-8.12,-9.09,-9.9
2009,28,46940,22530,11090,11250,21.14,15.72,13.63,8.28
2009,29,45710,22060,10750,11330,-3.79,-6.17,-8.12,-7.96
2009,30,45250,21550,10600,10920,-6.26,-10.51,-10.7,-11.72
2009,31,45860,22190,10960,11050,-5.73,-8.49,-8.05,-10.96
2009,32,44620,21400,10270,10860,-7.73,-11.31,-13.33,-10.98
2009,33,43650,20600,9940,10190,-22.22,-20.83,-25.88,-15.85
2009,34,44720,21270,10490,10660,-3.06,-5.84,-5.58,-7.87
2009,35,46870,22360,10890,11280,-0.28,-1.71,-2.68,-2.17
2009,36,47160,22180,10750,11500,-0.84,-3.48,-5.37,-2.62
2009,37,36430,17160,8350,8630,-5.55,-8.67,-12.29,-10.2
2009,38,45500,21570,10370,11030,-6.42,-9.9,-10.76,-9.74
2009,39,46110,21680,10370,11290,-2.08,-6.51,-8.31,-5.76
2009,40,44480,20910,10010,10680,-7.0,-10.64,-13.18,-11.22
2009,41,46460,21790,10220,11100,0.17,-3.33,-6.07,-4.56
2009,42,39820,18840,8900,9480,-11.86,-12.98,-15.24,-13.82
2009,43,46280,21820,10250,11130,19.0,14.54,11.17,14.98
2009,44,45230,21570,10260,10980,-0.26,-2.93,-3.84,-3.6
2009,45,44830,21170,10140,10740,2.47,-2.53,-4.97,-2.81
2009,46,41320,19410,9230,9780,-2.98,-7.17,-8.79,-9.61
2009,47,43590,20670,9890,10190,6.03,2.58,2.59,-1.26
2009,48,31500,14970,7180,7560,-29.23,-30.92,-30.96,-30.71
2009,49,42150,20040,9680,10070,43.12,38.88,35.96,34.99
2009,50,44110,21010,10240,10700,5.91,2.99,2.61,2.2
2009,51,43430,20760,10350,10420,0.6,-3.8,-5.82,-5.87
2009,52,30100,14830,7650,7700,-28.16,-29.48,-29.36,-28.57
2010,1,30180,14830,7900,7390,-7.11,-9.74,-9.2,-13.77
2010,2,54900,26960,14040,13520,-0.65,-6.06,-8.89,-9.81
2010,3,52400,25200,12540,12440,-2.86,-7.32,-9.26,-9.92
2010,4,49950,23630,11710,11340,4.28,-1.5,-2.98,-4.95
2010,5,59110,27860,13640,13200,8.96,5.01,1.49,2.25
2010,6,56720,26520,12890,12580,6.48,3.59,1.9,0.96
2010,7,50280,23240,11160,11230,-2.03,-6.25,-9.34,-9.44
2010,8,48840,22340,10690,10800,-0.55,-4.98,-8.24,-7.69
2010,9,55340,25430,12200,12330,2.61,-2.42,-3.71,-6.59
2010,10,57570,26380,12560,12880,7.75,1.66,-0.4,-2.2
2010,11,57200,26700,12610,13280,6.6,1.95,0.32,-2.14
2010,12,49820,24180,11490,12760,-7.43,-7.99,-10.51,-5.62
2010,13,57320,26500,12520,13130,5.99,1.03,-2.11,-0.68
2010,14,53380,24740,11760,12070,1.0,-2.56,-5.54,-4.21
2010,15,50910,23240,10930,11220,2.95,-1.27,-3.36,-4.27
2010,16,52940,23470,10470,11050,5.61,0.34,-5.16,-4.82
2010,17,52970,25400,11660,12700,3.26,0.12,-6.79,-1.85
2010,18,54170,25920,12160,12740,4.82,0.82,-4.03,-3.7
2010,19,51590,24370,11250,12320,4.54,0.87,-4.58,-1.28
2010,20,50970,23820,11170,12000,3.87,-0.83,-4.61,-2.04
2010,21,50850,23870,11210,12020,5.24,1.83,-1.75,-0.74
2010,22,50810,23680,11190,11920,27.63,23.33,17.67,20.89
2010,23,40150,18460,8790,9160,-18.14,-21.65,-23.5,-22.96
2010,24,48530,22490,10660,10940,1.13,-3.14,-7.38,-6.5
2010,25,46850,21990,10580,10630,-0.47,-3.21,-6.45,-7.81
2010,26,46310,21580,10150,10640,2.16,-2.04,-6.19,-5.0
2010,27,46160,21740,10320,10770,20.21,15.76,10.97,11.61
2010,28,37680,17460,8320,8490,-19.73,-22.5,-24.98,-24.53
2010,29,46540,21400,10000,10520,1.82,-2.99,-6.98,-7.15
2010,30,45950,21770,9980,10620,1.55,1.02,-5.85,-2.75
2010,31,45220,21420,9840,10590,-1.4,-3.47,-10.22,-4.16
2010,32,47150,22680,10220,11380,5.67,5.98,-0.49,4.79
2010,33,44280,21130,9850,10340,1.44,2.57,-0.91,1.47
2010,34,47240,22130,10050,10760,5.64,4.04,-4.19,0.94
2010,35,48410,22740,10400,11000,3.29,1.7,-4.5,-2.48
2010,36,47770,22330,10180,10360,1.29,0.68,-5.3,-9.91
2010,37,37230,17050,7800,8120,2.2,-0.64,-6.59,-5.91
2010,38,47290,22000,9940,10460,3.93,1.99,-4.15,-5.17
2010,39,48710,22430,10240,10620,5.64,3.46,-1.25,-5.93
2010,40,48190,22450,10260,10570,8.34,7.36,2.5,-1.03
2010,41,46690,21560,9610,10370,0.5,-1.06,-5.97,-6.58
2010,42,41810,19380,8480,9230,5.0,2.87,-4.72,-2.64
2010,43,49050,22900,10390,10890,5.99,4.95,1.37,-2.16
2010,44,47760,22260,10130,10410,5.59,3.2,-1.27,-5.19
2010,45,46040,21740,9770,10480,2.7,2.69,-3.65,-2.42
2010,46,44460,20580,9220,10020,7.6,6.03,-0.11,2.45
2010,47,47800,22440,10130,10750,9.66,8.56,2.43,5.5
2010,48,31450,14510,6520,7110,-0.16,-3.07,-9.19,-5.95
2010,49,44230,20810,9480,10230,4.93,3.84,-2.07,1.59
2010,50,47660,22020,10140,10500,8.05,4.81,-0.98,-1.87
2010,51,37100,17600,8350,8590,-14.58,-15.22,-19.32,-17.56
2010,52,33670,16490,8140,8190,11.86,11.19,6.41,6.36
2011,1,29700,14860,7330,7180,-1.59,0.2,-7.22,-2.84
2011,2,62850,30950,15190,14490,14.48,14.8,8.19,7.17
2011,3,59280,27750,13080,12350,13.13,10.12,4.31,-0.72
2011,4,56450,26210,11880,11230,13.01,10.92,1.45,-0.97
2011,5,62650,28500,12880,11840,5.99,2.3,-5.57,-10.3
2011,6,59740,26950,12090,11320,5.32,1.62,-6.21,-10.02
2011,7,57740,25930,11740,11320,14.84,11.57,5.2,0.8
2011,8,57870,26160,11700,11500,18.49,17.1,9.45,6.48
2011,9,55050,24740,11190,11140,-0.52,-2.71,-8.28,-9.65
2011,10,59450,26840,11980,12250,3.27,1.74,-4.62,-4.89
2011,11,58550,27070,12010,12770,2.36,1.39,-4.76,-3.84
2011,12,58170,27410,11900,13130,16.76,13.36,3.57,2.9
2011,13,57910,26960,11900,12580,1.03,1.74,-4.95,-4.19
2011,14,59120,27230,12130,12840,10.75,10.06,3.15,6.38
2011,15,56860,25880,11260,11850,11.69,11.36,3.02,5.61
2011,16,55010,24710,10880,10950,3.91,5.28,3.92,-0.9
2011,17,48490,22350,9860,10510,-8.46,-12.01,-15.44,-17.24
2011,18,30970,15370,7280,7340,-42.83,-40.7,-40.13,-42.39
2011,19,51600,25620,12390,12600,0.02,5.13,10.13,2.27
2011,20,49000,23730,11200,11530,-3.87,-0.38,0.27,-3.92
2011,21,50570,23860,11200,11230,-0.55,-0.04,-0.09,-6.57
2011,22,48760,23360,10990,11070,-4.03,-1.35,-1.79,-7.13
2011,23,44190,20540,9400,9750,10.06,11.27,6.94,6.44
2011,24,54670,25730,11720,12380,12.65,14.41,9.94,13.16
2011,25,53140,25270,11080,12310,13.43,14.92,4.73,15.8
2011,26,49760,23240,10580,11140,7.45,7.69,4.24,4.7
2011,27,49140,22930,10470,10720,6.46,5.47,1.45,-0.46
2011,28,37980,17660,7810,8270,0.8,1.15,-6.13,-2.59
2011,29,47720,21870,9700,10230,2.54,2.2,-3.0,-2.76
2011,30,48050,22400,9990,10600,4.57,2.89,0.1,-0.19
2011,31,47870,22240,10040,10380,5.86,3.83,2.03,-1.98
2011,32,47420,21850,9670,10370,0.57,-3.66,-5.38,-8.88
2011,33,47120,21760,9660,10080,6.41,2.98,-1.93,-2.51
2011,34,46440,21230,9350,9820,-1.69,-4.07,-6.97,-8.74
2011,35,46990,21600,9560,9980,-2.93,-5.01,-8.08,-9.27
2011,36,46690,21280,9580,10040,-2.26,-4.7,-5.89,-3.09
2011,37,37400,17270,7560,8150,0.46,1.29,-3.08,0.37
2011,38,48600,22240,9760,10430,2.77,1.09,-1.81,-0.29
2011,39,47020,21870,9840,10360,-3.47,-2.5,-3.91,-2.45
2011,40,42530,19820,9010,9530,-11.75,-11.71,-12.18,-9.84
2011,41,48430,22470,10000,10570,3.73,4.22,4.06,1.93
2011,42,40190,18620,8180,8840,-3.87,-3.92,-3.54,-4.23
2011,43,47130,21810,9570,10240,-3.91,-4.76,-7.89,-5.97
2011,44,47470,21770,9910,10260,-0.61,-2.2,-2.17,-1.44
2011,45,45690,20920,9270,9850,-0.76,-3.77,-5.12,-6.01
2011,46,38880,17520,7810,8090,-12.55,-14.87,-15.29,-19.26
2011,47,52260,23790,10530,11030,9.33,6.02,3.95,2.6
2011,48,32720,14760,6540,6920,4.04,1.72,0.31,-2.67
2011,49,44010,19940,8790,9350,-0.5,-4.18,-7.28,-8.6
2011,50,46130,21540,9860,10090,-3.21,-2.18,-2.76,-3.9
2011,51,46660,21710,10150,10140,25.77,23.35,21.56,18.04
2011,52,44620,21550,10340,10370,32.52,30.69,27.03,26.62
2012,1,3650,1880,1200,1010,-87.71,-87.35,-83.63,-85.93
2012,2,50290,24630,12420,11870,-19.98,-20.42,-18.24,-18.08
2012,3,66590,30780,14630,14230,12.33,10.92,11.85,15.22
2012,4,58200,25720,12010,11390,3.1,-1.87,1.09,1.42
2012,5,48700,21820,10060,9500,-22.27,-23.44,-21.89,-19.76
2012,6,61670,27510,12630,11760,3.23,2.08,4.47,3.89
2012,7,60540,26590,11930,11820,4.85,2.55,1.62,4.42
2012,8,57180,25650,11570,11320,-1.19,-1.95,-1.11,-1.57
2012,9,55150,24620,10950,10970,0.18,-0.49,-2.14,-1.53
2012,10,61290,27230,11940,12270,3.1,1.45,-0.33,0.16
2012,11,60520,27070,11820,12100,3.36,0.0,-1.58,-5.25
2012,12,60120,27630,11930,13100,3.35,0.8,0.25,-0.23
2012,13,57470,26600,11540,12470,-0.76,-1.34,-3.03,-0.87
2012,14,59240,26620,11740,11940,0.2,-2.24,-3.22,-7.01
2012,15,56850,25620,11310,11740,-0.02,-1.0,0.44,-0.93
2012,16,53670,23910,10220,10920,-2.44,-3.24,-6.07,-0.27
2012,17,55970,24850,10500,11090,15.43,11.19,6.49,5.52
2012,18,54200,25180,11250,11700,75.01,63.83,54.53,59.4
2012,19,54320,25430,11500,11730,5.27,-0.74,-7.18,-6.9
2012,20,52780,24760,10830,11940,7.71,4.34,-3.3,3.56
2012,21,51410,23910,10530,11270,1.66,0.21,-5.98,0.36
2012,22,50220,23430,10330,11270,2.99,0.3,-6.01,1.81
2012,23,41210,18990,8570,8940,-6.74,-7.55,-8.83,-8.31
2012,24,50730,23330,10180,10820,-7.21,-9.33,-13.14,-12.6
2012,25,48610,22400,9970,10340,-8.52,-11.36,-10.02,-16.0
2012,26,48690,22640,10070,10350,-2.15,-2.58,-4.82,-7.09
2012,27,48670,22760,10220,10690,-0.96,-0.74,-2.39,-0.28
2012,28,38180,17550,7770,8180,0.53,-0.62,-0.51,-1.09
2012,29,45450,20930,9190,9940,-4.76,-4.3,-5.26,-2.83
2012,30,46820,21580,9530,10030,-2.56,-3.66,-4.6,-5.38
2012,31,46700,21460,9460,9940,-2.44,-3.51,-5.78,-4.24
2012,32,46550,21310,9330,9740,-1.83,-2.47,-3.52,-6.08
2012,33,45360,20400,8750,9560,-3.74,-6.25,-9.42,-5.16
2012,34,45870,20610,9160,9550,-1.23,-2.92,-2.03,-2.75
2012,35,47040,20940,9160,9610,0.11,-3.06,-4.18,-3.71
2012,36,38420,17270,7610,8000,-17.71,-18.84,-20.56,-20.32
2012,37,34680,15870,6900,7620,-7.27,-8.11,-8.73,-6.5
2012,38,54090,24120,10250,11100,11.3,8.45,5.02,6.42
2012,39,48990,21840,9540,10020,4.19,-0.14,-3.05,-3.28
2012,40,47970,21760,9450,10040,12.79,9.79,4.88,5.35
2012,41,48200,21790,9360,10320,-0.47,-3.03,-6.4,-2.37
2012,42,40780,18380,7780,8580,1.47,-1.29,-4.89,-2.94
2012,43,47330,21330,9080,9760,0.42,-2.2,-5.12,-4.69
2012,44,47160,21210,9020,9890,-0.65,-2.57,-8.98,-3.61
2012,45,41560,18990,8540,8750,-9.04,-9.23,-7.87,-11.17
2012,46,43210,19500,8690,8940,11.14,11.3,11.27,10.51
2012,47,40890,18280,7930,8560,-21.76,-23.16,-24.69,-22.39
2012,48,34930,15690,6790,7470,6.75,6.3,3.82,7.95
2012,49,38700,17190,7550,7840,-12.07,-13.79,-14.11,-16.15
2012,50,42570,19130,8460,9090,-7.72,-11.19,-14.2,-9.91
2012,51,36380,16570,7590,7830,-22.03,-23.68,-25.22,-22.78
2012,52,86650,39710,18760,18870,94.2,84.27,81.43,81.97
2013,1,29350,13980,7100,6580,704.11,643.62,491.67,551.49
2013,2,54530,25080,11580,11590,8.43,1.83,-6.76,-2.36
2013,3,70230,31430,14460,14410,5.47,2.11,-1.16,1.26
2013,4,55520,24220,10690,10570,-4.6,-5.83,-10.99,-7.2
2013,5,60400,25930,11470,10850,24.02,18.84,14.02,14.21
2013,6,56180,24160,10470,10600,-8.9,-12.18,-17.1,-9.86
2013,7,56530,24780,10750,10950,-6.62,-6.81,-9.89,-7.36
2013,8,52860,23040,9900,10160,-7.56,-10.18,-14.43,-10.25
2013,9,60270,26440,11480,11620,9.28,7.39,4.84,5.93
2013,10,60100,26910,11490,12100,-1.94,-1.18,-3.77,-1.39
2013,11,59270,26890,11400,12740,-2.07,-0.66,-3.55,5.29
2013,12,59320,26820,11410,12450,-1.33,-2.93,-4.36,-4.96
2013,13,57140,25310,10950,11350,-0.57,-4.85,-5.11,-8.98
2013,14,53720,23570,10110,10620,-9.32,-11.46,-13.88,-11.06
2013,15,56920,24950,10380,11040,0.12,-2.62,-8.22,-5.96
2013,16,55770,24470,10270,10870,3.91,2.34,0.49,-0.46
2013,17,54410,25280,10860,11680,-2.79,1.73,3.43,5.32
2013,18,56710,26200,11200,12260,4.63,4.05,-0.44,4.79
2013,19,53590,24720,10870,11580,-1.34,-2.79,-5.48,-1.28
2013,20,50560,23100,10200,10670,-4.21,-6.7,-5.82,-10.64
2013,21,41770,19390,8470,8930,-18.75,-18.9,-19.56,-20.76
2013,22,45060,20890,9250,9840,-10.27,-10.84,-10.45,-12.69
2013,23,52170,24000,10460,11130,26.6,26.38,22.05,24.5
2013,24,35050,16520,7350,7810,-30.91,-29.19,-27.8,-27.82
2013,25,55580,26190,11710,12350,14.34,16.92,17.45,19.44
2013,26,57630,26570,11820,12080,18.36,17.36,17.38,16.71
2013,27,32840,15030,6670,6830,-32.53,-33.96,-34.74,-36.11
2013,28,53720,24430,10490,11020,40.7,39.2,35.01,34.72
2013,29,50250,22450,9690,10220,10.56,7.26,5.44,2.82
2013,30,48120,21480,9350,9740,2.78,-0.46,-1.89,-2.89
2013,31,49990,22500,9550,10150,7.04,4.85,0.95,2.11
2013,32,49660,22040,9290,9900,6.68,3.43,-0.43,1.64
2013,33,48280,21350,8970,9780,6.44,4.66,2.51,2.3
2013,34,48870,21920,9290,9930,6.54,6.36,1.42,3.98
2013,35,50110,22450,9450,10270,6.53,7.21,3.17,6.87
2013,36,38000,16850,7060,7700,-1.09,-2.43,-7.23,-3.75
2013,37,51560,22910,9400,10270,48.67,44.36,36.23,34.78
2013,38,50760,22740,9330,10470,-6.16,-5.72,-8.98,-5.68
2013,39,40960,18330,7630,8520,-16.39,-16.07,-20.02,-14.97
2013,40,57020,25520,10470,11850,18.87,17.28,10.79,18.03
2013,41,42090,19000,7600,8970,-12.68,-12.8,-18.8,-13.08
2013,42,38050,16990,6830,7890,-6.69,-7.56,-12.21,-8.04
2013,43,52030,22940,9190,10660,9.93,7.55,1.21,9.22
2013,44,52620,23590,9640,11180,11.58,11.22,6.87,13.04
2013,45,49850,21990,8860,10180,19.95,15.8,3.75,16.34
2013,46,42520,18850,7650,8850,-1.6,-3.33,-11.97,-1.01
2013,47,49940,21970,8950,10360,22.13,20.19,12.86,21.03
2013,48,37020,16480,6950,7930,5.98,5.04,2.36,6.16
2013,49,41520,18300,7760,8550,7.29,6.46,2.78,9.06
2013,50,45860,20830,9080,9770,7.73,8.89,7.33,7.48
2013,51,47050,21800,9770,10400,29.33,31.56,28.72,32.82
2013,52,34080,15910,7300,7870,-60.67,-59.93,-61.09,-58.29
2014,1,12280,5900,2800,3000,-58.16,-57.8,-60.56,-54.41
2014,2,64260,29870,14210,13990,17.84,19.1,22.71,20.71
2014,3,71880,32080,13960,14810,2.35,2.07,-3.46,2.78
2014,4,52530,23110,9950,10590,-5.39,-4.58,-6.92,0.19
2014,5,61140,26360,11100,11650,1.23,1.66,-3.23,7.37
2014,6,61200,25810,10750,11330,8.94,6.83,2.67,6.89
2014,7,58910,24890,10150,11100,4.21,0.44,-5.58,1.37
2014,8,54270,22940,9360,10240,2.67,-0.43,-5.45,0.79
2014,9,62810,26870,11070,12060,4.21,1.63,-3.57,3.79
2014,10,61780,26380,10560,12110,2.8,-1.97,-8.09,0.08
2014,11,61460,26720,10510,12490,3.69,-0.63,-7.81,-1.96
2014,12,61890,26960,10740,12570,4.33,0.52,-5.87,0.96
2014,13,63470,27410,11220,12580,11.08,8.3,2.47,10.84
2014,14,61810,26430,10660,11890,15.06,12.13,5.44,11.96
2014,15,59040,25390,9760,11470,3.72,1.76,-5.97,3.89
2014,16,57420,24240,9430,10910,2.96,-0.94,-8.18,0.37
2014,17,55160,24940,10200,11620,1.38,-1.34,-6.08,-0.51
2014,18,58540,26150,10690,12040,3.23,-0.19,-4.55,-1.79
2014,19,55980,24820,9900,11750,4.46,0.4,-8.92,1.47
2014,20,53400,24180,9810,11340,5.62,4.68,-3.82,6.28
2014,21,53990,24250,9700,11430,29.26,25.06,14.52,28.0
2014,22,42910,19040,7670,8860,-4.77,-8.86,-17.08,-9.96
2014,23,53930,23670,9760,10800,3.37,-1.38,-6.69,-2.96
2014,24,52600,23450,9520,10880,50.07,41.95,29.52,39.31
2014,25,51460,23560,9800,11120,-7.41,-10.04,-16.31,-9.96
2014,26,51950,23310,9670,10880,-9.86,-12.27,-18.19,-9.93
2014,27,49570,22020,9040,10360,50.94,46.51,35.53,51.68
2014,28,41210,18110,7350,8520,-23.29,-25.87,-29.93,-22.69
2014,29,48220,21370,8650,9840,-4.04,-4.81,-10.73,-3.72
2014,30,50650,22310,9060,10150,5.26,3.86,-3.1,4.21
2014,31,50120,22390,9330,10240,0.26,-0.49,-2.3,0.89
2014,32,49500,21820,9020,10150,-0.32,-1.0,-2.91,2.53
2014,33,50060,21780,8710,10190,3.69,2.01,-2.9,4.19
2014,34,51120,22340,9240,10360,4.6,1.92,-0.54,4.33
2014,35,50970,22360,9170,10520,1.72,-0.4,-2.96,2.43
2014,36,40850,17870,7300,8330,7.5,6.05,3.4,8.18
2014,37,51600,22190,8680,10410,0.08,-3.14,-7.66,1.36
2014,38,51200,22560,8970,10450,0.87,-0.79,-3.86,-0.19
2014,39,51410,22660,9230,10500,25.51,23.62,20.97,23.24
2014,40,51020,22500,9140,10390,-10.52,-11.83,-12.7,-12.32
2014,41,50360,22030,8750,10190,19.65,15.95,15.13,13.6
2014,42,43690,19210,7730,8840,14.82,13.07,13.18,12.04
2014,43,48730,21530,8590,10120,-6.34,-6.15,-6.53,-5.07
2014,44,50850,22580,8990,10440,-3.36,-4.28,-6.74,-6.62
2014,45,49190,21610,8620,10090,-1.32,-1.73,-2.71,-0.88
2014,46,44150,19380,7820,9090,3.83,2.81,2.22,2.71
2014,47,47470,21040,8400,9740,-4.95,-4.23,-6.15,-5.98
2014,48,36610,16270,6510,7680,-1.11,-1.27,-6.33,-3.15
2014,49,43460,19530,8030,9160,4.67,6.72,3.48,7.13
2014,50,48440,21970,9360,10170,5.63,5.47,3.08,4.09
2014,51,48790,22240,9640,10180,3.7,2.02,-1.33,-2.12
2014,52,35230,16560,7360,8270,3.37,4.09,0.82,5.08
2014,53,12300,5710,2670,2700,,,,
2015,1,73980,33940,15540,16050,502.44,475.25,455.0,435.0
2015,2,50630,22490,9660,10150,-21.21,-24.71,-32.02,-27.45
2015,3,69820,30350,12840,13580,-2.87,-5.39,-8.02,-8.31
2015,4,65180,28340,11850,12420,24.08,22.63,19.1,17.28
2015,5,64140,27820,11250,12600,4.91,5.54,1.35,8.15
2015,6,63490,27140,10920,12220,3.74,5.15,1.58,7.86
2015,7,55080,23570,9320,10580,-6.5,-5.3,-8.18,-4.68
2015,8,62430,26840,10670,11990,15.04,17.0,14.0,17.09
2015,9,62890,27090,10780,12380,0.13,0.82,-2.62,2.65
2015,10,61290,26680,10390,12500,-0.79,1.14,-1.61,3.22
2015,11,62910,27460,10690,12910,2.36,2.77,1.71,3.36
2015,12,63030,27450,10920,12400,1.84,1.82,1.68,-1.35
2015,13,62250,26780,10690,12000,-1.92,-2.3,-4.72,-4.61
2015,14,56620,24150,9440,10620,-8.4,-8.63,-11.44,-10.68
2015,15,59720,25130,9460,11160,1.15,-1.02,-3.07,-2.7
2015,16,59620,26390,10600,11820,3.83,8.87,12.41,8.34
2015,17,59370,26430,10590,12070,7.63,5.97,3.82,3.87
2015,18,54770,24250,9500,11090,-6.44,-7.27,-11.13,-7.89
2015,19,56150,24920,10070,11330,0.3,0.4,1.72,-3.57
2015,20,56610,24920,10030,11320,6.01,3.06,2.24,-0.18
2015,21,45560,20160,8120,9320,-15.61,-16.87,-16.29,-18.46
2015,22,56710,24840,10050,11280,32.16,30.46,31.03,27.31
2015,23,53620,23470,9510,10730,-0.57,-0.84,-2.56,-0.65
2015,24,53670,23540,9520,10680,2.03,0.38,0.0,-1.84
2015,25,54000,23810,9710,10810,4.94,1.06,-0.92,-2.79
2015,26,52820,22930,9490,10350,1.67,-1.63,-1.86,-4.87
2015,27,46090,19760,7930,8780,-7.02,-10.26,-12.28,-15.25
2015,28,51100,21840,8820,9840,24.0,20.6,20.0,15.49
2015,29,51960,22360,8880,10080,7.76,4.63,2.66,2.44
2015,30,54310,23410,9320,10660,7.23,4.93,2.87,5.02
2015,31,51690,22060,9010,10030,3.13,-1.47,-3.43,-2.05
2015,32,52670,22330,8890,10070,6.4,2.34,-1.44,-0.79
2015,33,52240,22080,8770,9880,4.35,1.38,0.69,-3.04
2015,34,52720,22070,8830,9760,3.13,-1.21,-4.44,-5.79
2015,35,53310,22430,9020,10050,4.59,0.31,-1.64,-4.47
2015,36,43020,18090,7200,7950,5.31,1.23,-1.37,-4.56
2015,37,52480,21950,8530,9810,1.71,-1.08,-1.73,-5.76
2015,38,54510,23620,9140,11060,6.46,4.7,1.9,5.84
2015,39,54260,23710,8930,11380,5.54,4.63,-3.25,8.38
2015,40,52990,23350,8950,11150,3.86,3.78,-2.08,7.31
2015,41,47370,20310,7830,9380,-5.94,-7.81,-10.51,-7.95
2015,42,55550,23860,9390,10880,27.15,24.21,21.47,23.08
2015,43,53140,23010,9160,10180,9.05,6.87,6.64,0.59
2015,44,50560,21510,8530,9640,-0.57,-4.74,-5.12,-7.66
2015,45,48780,20790,8270,9440,-0.83,-3.79,-4.06,-6.44
2015,46,50820,21580,8560,9740,15.11,11.35,9.46,7.15
2015,47,37370,16130,6600,7500,-21.28,-23.34,-21.43,-23.0
2015,48,44520,18910,7730,8600,21.61,16.23,18.74,11.98
2015,49,51280,22360,9140,10240,17.99,14.49,13.82,11.79
2015,50,51020,22390,9480,10180,5.33,1.91,1.28,0.1
2015,51,40610,18270,7990,8450,-16.77,-17.85,-17.12,-16.99
2015,52,17190,7740,3500,3710,-51.21,-53.26,-52.45,-55.14
2016,1,75690,34080,15750,15380,2.31,0.41,1.35,-4.17
2016,2,52890,22750,9830,10210,4.46,1.16,1.76,0.59
2016,3,72950,30810,12690,13410,4.48,1.52,-1.17,-1.25
2016,4,64800,27010,11100,11830,-0.58,-4.69,-6.33,-4.75
2016,5,54920,22720,9280,9620,-14.37,-18.33,-17.51,-23.65
2016,6,74300,30700,12210,13650,17.03,13.12,11.81,11.7
2016,7,61840,25440,10310,10810,12.27,7.93,10.62,2.17
2016,8,66960,27600,11130,11570,7.26,2.83,4.31,-3.5
2016,9,66330,27280,10800,11560,5.47,0.7,0.19,-6.62
2016,10,66440,27850,10880,12320,8.4,4.39,4.72,-1.44
2016,11,64280,27220,10710,12070,2.18,-0.87,0.19,-6.51
2016,12,65610,27600,10780,12230,4.09,0.55,-1.28,-1.37
2016,13,60440,25230,10000,10880,-2.91,-5.79,-6.45,-9.33
2016,14,64340,26580,10150,11400,13.63,10.06,7.52,7.34
2016,15,61970,25480,9810,10760,3.77,1.39,3.7,-3.58
2016,16,61780,25720,9930,10990,3.62,-2.54,-6.32,-7.02
2016,17,62350,26500,10580,11420,5.02,0.26,-0.09,-5.39
2016,18,61580,25980,10250,11430,12.43,7.13,7.89,3.07
2016,19,59610,25550,10120,11430,6.16,2.53,0.5,0.88
2016,20,57140,24510,9690,10990,0.94,-1.65,-3.39,-2.92
2016,21,62720,26910,10710,12080,37.66,33.48,31.9,29.61
2016,22,46820,20040,7980,9090,-17.44,-19.32,-20.6,-19.41
2016,23,60370,25820,10100,11420,12.59,10.01,6.2,6.43
2016,24,56780,23890,9610,10450,5.79,1.49,0.95,-2.15
2016,25,54800,23520,9480,10390,1.48,-1.22,-2.37,-3.89
2016,26,34500,14760,5890,6520,-34.68,-35.63,-37.93,-37.0
2016,27,60120,25600,10280,11110,30.44,29.55,29.63,26.54
2016,28,55630,23310,9110,10300,8.86,6.73,3.29,4.67
2016,29,54060,22890,8850,10120,4.04,2.37,-0.34,0.4
2016,30,55460,23310,9170,10040,2.12,-0.43,-1.61,-5.82
2016,31,54870,22460,8810,9720,6.15,1.81,-2.22,-3.09
2016,32,55080,22850,9040,9910,4.58,2.33,1.69,-1.59
2016,33,56480,23260,9040,10080,8.12,5.34,3.08,2.02
2016,34,56380,23510,9180,10120,6.94,6.52,3.96,3.69
2016,35,54580,22450,8810,9730,2.38,0.09,-2.33,-3.18
2016,36,45870,18980,7440,8260,6.62,4.92,3.33,3.9
2016,37,57890,23210,8950,10080,10.31,5.74,4.92,2.75
2016,38,58450,24120,9320,10430,7.23,2.12,1.97,-5.7
2016,39,56920,23460,9350,10270,4.9,-1.05,4.7,-9.75
2016,40,54410,22240,8720,9700,2.68,-4.75,-2.57,-13.0
2016,41,47320,19530,7640,8620,-0.11,-3.84,-2.43,-8.1
2016,42,54120,22330,8690,9760,-2.57,-6.41,-7.45,-10.29
2016,43,53990,22340,8760,9730,1.6,-2.91,-4.37,-4.42
2016,44,51950,21200,8370,9230,2.75,-1.44,-1.88,-4.25
2016,45,52800,21880,8670,9640,8.24,5.24,4.84,2.12
2016,46,51240,20870,8100,9150,0.83,-3.29,-5.37,-6.06
2016,47,41670,16850,6640,7470,11.51,4.46,0.61,-0.4
2016,48,51190,20480,8160,8940,14.98,8.3,5.56,3.95
2016,49,55800,22990,9350,10110,8.81,2.82,2.3,-1.27
2016,50,56490,23600,9810,10530,10.72,5.4,3.48,3.44
2016,51,52800,22180,9680,10020,30.02,21.4,21.15,18.58
2016,52,22680,9530,4090,4520,31.94,23.13,16.86,21.83
2017,1,61580,26720,12100,11590,-18.64,-21.6,-23.17,-24.64
2017,2,71010,29210,12360,12870,34.26,28.4,25.74,26.05
2017,3,62230,25590,10560,10990,-14.69,-16.94,-16.78,-18.05
2017,4,76210,30630,12120,12980,17.61,13.4,9.19,9.72
2017,5,75130,29840,11800,12190,36.8,31.34,27.16,26.72
2017,6,69730,27530,10780,11640,-6.15,-10.33,-11.71,-14.73
2017,7,67280,26750,10540,11270,8.8,5.15,2.23,4.26
2017,8,66650,26280,10330,11100,-0.46,-4.78,-7.19,-4.06
2017,9,73050,29120,11300,12280,10.13,6.74,4.63,6.23
2017,10,72340,28890,11090,12160,8.88,3.73,1.93,-1.3
2017,11,71580,28360,10960,12300,11.36,4.19,2.33,1.91
2017,12,69020,27470,10510,11910,5.2,-0.47,-2.5,-2.62
2017,13,71640,28570,11020,12230,18.53,13.24,10.2,12.41
2017,14,69680,27830,10400,11940,8.3,4.7,2.46,4.74
2017,15,66990,26550,9850,11340,8.1,4.2,0.41,5.39
2017,16,64480,25470,9380,10870,4.37,-0.97,-5.54,-1.09
2017,17,66820,27400,10570,12000,7.17,3.4,-0.09,5.08
2017,18,65780,26660,10140,11660,6.82,2.62,-1.07,2.01
2017,19,65720,26600,10400,11540,10.25,4.11,2.77,0.96
2017,20,64000,25810,10060,11370,12.01,5.3,3.82,3.46
2017,21,64580,26220,10210,11350,2.97,-2.56,-4.67,-6.04
2017,22,50540,20540,8040,8850,7.95,2.5,0.75,-2.64
2017,23,66120,26850,10430,11700,9.52,3.99,3.27,2.45
2017,24,60830,24460,9480,10690,7.13,2.39,-1.35,2.3
2017,25,61040,24830,9800,11060,11.39,5.57,3.38,6.45
2017,26,62400,25260,10050,11010,80.87,71.14,70.63,68.87
2017,27,46890,18240,7040,7900,-22.01,-28.75,-31.52,-28.89
2017,28,61450,24240,9270,10470,10.46,3.99,1.76,1.65
2017,29,61240,24300,9390,10630,13.28,6.16,6.1,5.04
2017,30,60820,24250,9360,10600,9.66,4.03,2.07,5.58
2017,31,59830,23610,9090,10020,9.04,5.12,3.18,3.09
2017,32,60010,23680,9080,9960,8.95,3.63,0.44,0.5
2017,33,63070,25050,9640,10670,11.67,7.7,6.64,5.85
2017,34,58900,23050,8950,9990,4.47,-1.96,-2.51,-1.28
2017,35,59750,23290,9030,10070,9.47,3.74,2.5,3.49
2017,36,47020,18280,6960,7720,2.51,-3.69,-6.45,-6.54
2017,37,56520,21790,8590,9030,-2.37,-6.12,-4.02,-10.42
2017,38,60510,23910,9040,10250,3.52,-0.87,-3.0,-1.73
2017,39,59960,23580,8920,10010,5.34,0.51,-4.6,-2.53
2017,40,54830,21610,8290,9330,0.77,-2.83,-4.93,-3.81
2017,41,53960,21060,7980,9040,14.03,7.83,4.45,4.87
2017,42,60850,23540,8790,10000,12.44,5.42,1.15,2.46
2017,43,62700,24520,9350,10690,16.13,9.76,6.74,9.87
2017,44,59870,23570,8920,10420,15.25,11.18,6.57,12.89
2017,45,60870,23690,9020,10260,15.28,8.27,4.04,6.43
2017,46,56320,21980,8610,9460,9.91,5.32,6.3,3.39
2017,47,44720,17420,6840,7560,7.32,3.38,3.01,1.2
2017,48,54530,20550,8000,8770,6.52,0.34,-1.96,-1.9
2017,49,61770,24200,9770,10490,10.7,5.26,4.49,3.76
2017,50,60900,24130,10040,10390,7.81,2.25,2.34,-1.33
2017,51,59610,23830,9920,10560,12.9,7.44,2.48,5.39
2017,52,11390,4760,1950,2350,-49.78,-50.05,-52.32,-48.01
2018,1,77510,31930,14040,14130,25.87,19.5,16.03,21.92
2018,2,79510,32010,13240,14000,11.97,9.59,7.12,8.78
2018,3,68480,26320,10620,11560,10.04,2.85,0.57,5.19
2018,4,79700,31020,12070,13290,4.58,1.27,-0.41,2.39
2018,5,81420,31150,12100,12990,8.37,4.39,2.54,6.56
2018,6,78060,29620,11370,12530,11.95,7.59,5.47,7.65
2018,7,74610,28330,10880,12190,10.89,5.91,3.23,8.16
2018,8,71950,27210,10310,11480,7.95,3.54,-0.19,3.42
2018,9,79880,29990,11510,12520,9.35,2.99,1.86,1.95
2018,10,78680,29500,11100,12520,8.76,2.11,0.09,2.96
2018,11,80980,30780,11590,13220,13.13,8.53,5.75,7.48
2018,12,78200,29980,11310,12700,13.3,9.14,7.61,6.63
2018,13,77690,29650,11220,12410,8.45,3.78,1.81,1.47
2018,14,72830,27520,10500,11290,4.52,-1.11,0.96,-5.44
2018,15,73950,27800,10090,11370,10.39,4.71,2.44,0.26
2018,16,70480,27080,9780,11220,9.31,6.32,4.26,3.22
2018,17,75580,29440,11130,12370,13.11,7.45,5.3,3.08
2018,18,74670,29380,11170,12380,13.51,10.2,10.16,6.17
2018,19,72570,28430,10690,12090,10.42,6.88,2.79,4.77
2018,20,74650,29130,11000,12540,16.64,12.86,9.34,10.29
2018,21,70070,27510,10580,11900,8.5,4.92,3.62,4.85
2018,22,57630,22670,8790,9500,14.03,10.37,9.33,7.34
2018,23,69610,26920,10310,11470,5.28,0.26,-1.15,-1.97
2018,24,69450,26740,10480,11180,14.17,9.32,10.55,4.58
2018,25,69150,26870,10430,11400,13.29,8.22,6.43,3.07
2018,26,68870,26940,10560,11430,10.37,6.65,5.07,3.81
2018,27,53330,20290,7810,8600,13.73,11.24,10.94,8.86
2018,28,66200,25000,9370,10390,7.73,3.14,1.08,-0.76
2018,29,62900,23680,8820,9710,2.71,-2.55,-6.07,-8.65
2018,30,67720,25730,9580,10810,11.34,6.1,2.35,1.98
2018,31,68340,25990,9900,10990,14.22,10.08,8.91,9.68
2018,32,66280,25120,9310,10480,10.45,6.08,2.53,5.22
2018,33,67210,25210,9540,10540,6.56,0.64,-1.04,-1.22
2018,34,65800,24490,9380,9880,11.71,6.25,4.8,-1.1
2018,35,63220,23270,8940,9190,5.81,-0.09,-1.0,-8.74
2018,36,55960,21080,7900,8740,19.01,15.32,13.51,13.21
2018,37,64310,24820,9290,10110,13.78,13.91,8.15,11.96
2018,38,64490,25200,9500,10430,6.58,5.4,5.09,1.76
2018,39,64810,25790,9730,10700,8.09,9.37,9.08,6.89
2018,40,61850,24610,9260,10270,12.8,13.88,11.7,10.08
2018,41,55990,22040,8260,9190,3.76,4.65,3.51,1.66
2018,42,59720,23580,8850,9760,-1.86,0.17,0.68,-2.4
2018,43,65510,25020,9260,10970,4.48,2.04,-0.96,2.62
2018,44,62660,23360,8760,9800,4.66,-0.89,-1.79,-5.95
2018,45,56850,21930,8310,9210,-6.6,-7.43,-7.87,-10.23
2018,46,56970,21550,8220,9240,1.15,-1.96,-4.53,-2.33
2018,47,49400,18760,7040,8010,10.47,7.69,2.92,5.95
2018,48,58350,21170,8150,8760,7.01,3.02,1.88,-0.11
2018,49,56710,21560,8600,8960,-8.19,-10.91,-11.98,-14.59
2018,50,63290,24070,9650,9930,3.92,-0.25,-3.88,-4.43
2018,51,64300,24420,10270,10250,7.87,2.48,3.53,-2.94
2018,52,30270,11530,5030,4870,165.76,142.23,157.95,107.23
2019,1,48380,19270,8540,8170,-37.58,-39.65,-39.17,-42.18
2019,2,81070,30810,12920,12650,1.96,-3.75,-2.42,-9.64
2019,3,75100,28180,11170,11410,9.67,7.07,5.18,-1.3
2019,4,70650,26020,10350,10300,-11.36,-16.12,-14.25,-22.5
2019,5,80590,29580,11340,11390,-1.02,-5.04,-6.28,-12.32
2019,6,80790,29170,11040,11490,3.5,-1.52,-2.9,-8.3
2019,7,83210,31080,11700,12580,11.53,9.71,7.54,3.2
2019,8,73790,27020,10190,10740,2.56,-0.7,-1.16,-6.45
2019,9,82540,30040,10850,12100,3.33,0.17,-5.73,-3.35
2019,10,77530,27010,9540,10540,-1.46,-8.44,-14.05,-15.81
2019,11,80860,29320,10630,11580,-0.15,-4.74,-8.28,-12.41
2019,12,85430,31410,11390,12880,9.25,4.77,0.71,1.42
2019,13,84950,31820,11960,12660,9.34,7.32,6.6,2.01
2019,14,83760,31720,11840,12390,15.01,15.26,12.76,9.74
2019,15,75470,28780,10330,11420,2.06,3.53,2.38,0.44
2019,16,71270,26790,9680,10550,1.12,-1.07,-1.02,-5.97
2019,17,70080,27170,10370,10730,-7.28,-7.71,-6.83,-13.26
2019,18,75240,29320,10930,11700,0.76,-0.2,-2.15,-5.49
2019,19,71550,27910,10410,11370,-1.41,-1.83,-2.62,-5.96
2019,20,71890,27860,10140,11550,-3.7,-4.36,-7.82,-7.89
2019,21,70030,27730,10270,11020,-0.06,0.8,-2.93,-7.39
2019,22,55910,21940,8260,8870,-2.98,-3.22,-6.03,-6.63
2019,23,69720,27410,10150,11260,0.16,1.82,-1.55,-1.83
2019,24,66610,26010,9530,10400,-4.09,-2.73,-9.06,-6.98
2019,25,67180,26060,9700,10570,-2.85,-3.01,-7.0,-7.28
2019,26,67520,26310,10060,10380,-1.96,-2.34,-4.73,-9.19
2019,27,49980,19410,7290,7540,-6.28,-4.34,-6.66,-12.33
2019,28,63050,23560,8680,9300,-4.76,-5.76,-7.36,-10.49
2019,29,64530,24780,9030,9700,2.59,4.65,2.38,-0.1
2019,30,63490,24210,9000,9450,-6.25,-5.91,-6.05,-12.58
2019,31,64290,24630,9100,9610,-5.93,-5.23,-8.08,-12.56
2019,32,65350,25100,9100,9940,-1.4,-0.08,-2.26,-5.15
2019,33,66360,25230,9160,9890,-1.26,0.08,-3.98,-6.17
2019,34,67780,25720,9310,10040,3.01,5.02,-0.75,1.62
2019,35,63090,24040,8800,9410,-0.21,3.31,-1.57,2.39
2019,36,52570,19850,7400,7790,-6.06,-5.83,-6.33,-10.87
2019,37,64250,24130,8660,9520,-0.09,-2.78,-6.78,-5.84
2019,38,67470,25720,9450,10260,4.62,2.06,-0.53,-1.63
2019,39,66350,25150,8980,10130,2.38,-2.48,-7.71,-5.33
2019,40,65400,24290,8410,9770,5.74,-1.3,-9.18,-4.87
2019,41,63360,23630,8100,9580,13.16,7.21,-1.94,4.24
2019,42,57100,21470,7480,8880,-4.39,-8.95,-15.48,-9.02
2019,43,66430,24870,8600,10080,1.4,-0.6,-7.13,-8.11
2019,44,64170,24150,8600,9740,2.41,3.38,-1.83,-0.61
2019,45,62150,23740,8080,9820,9.32,8.25,-2.77,6.62
2019,46,57090,21300,7590,8550,0.21,-1.16,-7.66,-7.47
2019,47,63440,23980,8440,9870,28.42,27.83,19.89,23.22
2019,48,46830,17860,6410,7490,-19.74,-15.64,-21.35,-14.5
2019,49,55110,20360,7310,8250,-2.82,-5.57,-15.0,-7.92
2019,50,62970,23910,8930,9740,-0.51,-0.66,-7.46,-1.91
2019,51,64910,25040,9340,10430,0.95,2.54,-9.06,1.76
2019,52,42290,16150,6030,6920,39.71,40.07,19.88,42.09
2020,1,31010,12080,5210,4930,-35.9,-37.31,-38.99,-39.66
2020,2,91540,34710,13480,13660,12.91,12.66,4.33,7.98
2020,3,79650,30050,11210,11970,6.06,6.64,0.36,4.91
2020,4,75690,28120,10120,10890,7.13,8.07,-2.22,5.73
2020,5,85520,31660,11480,12360,6.12,7.03,1.23,8.52
2020,6,83810,31550,10850,12550,3.74,8.16,-1.72,9.23
2020,7,82130,30420,10560,12310,-1.3,-2.12,-9.74,-2.15
2020,8,75760,28310,9670,11370,2.67,4.77,-5.1,5.87
2020,9,82570,31040,10720,12300,0.04,3.33,-1.2,1.65
2020,10,84750,31350,10890,12450,9.31,16.07,14.15,18.12
2020,11,79290,29520,10160,11540,-1.94,0.68,-4.42,-0.35
2020,12,65420,24300,8130,10120,-23.42,-22.64,-28.62,-21.43
2020,13,54070,19870,6900,7940,-36.35,-37.55,-42.31,-37.28
2020,14,55650,19460,7020,6920,-33.56,-38.65,-40.71,-44.15
2020,15,59360,19800,7040,6680,-21.35,-31.2,-31.85,-41.51
2020,16,56960,18980,6760,6350,-20.08,-29.15,-30.17,-39.81
2020,17,62920,21180,7580,7180,-10.22,-22.05,-26.9,-33.08
2020,18,67900,23080,8260,8080,-9.76,-21.28,-24.43,-30.94
2020,19,69990,24200,8720,8810,-2.18,-13.29,-16.23,-22.52
2020,20,72790,25170,8950,9040,1.25,-9.66,-11.74,-21.73
2020,21,75840,26050,9370,9230,8.3,-6.06,-8.76,-16.24
2020,22,67800,22590,8100,7880,21.27,2.96,-1.94,-11.16
2020,23,74790,26000,9250,9530,7.27,-5.14,-8.87,-15.36
2020,24,83240,28970,10080,10440,24.97,11.38,5.77,0.38
2020,25,88690,30780,10690,10620,32.02,18.11,10.21,0.47
2020,26,103700,35920,12570,11270,53.58,36.53,24.95,8.57
2020,27,114050,39320,13510,11880,128.19,102.58,85.32,57.56
2020,28,113100,38380,13020,10970,79.38,62.9,50.0,17.96
2020,29,124000,41380,13820,11900,92.16,66.99,53.05,22.68
2020,30,117340,39900,13330,12920,84.82,64.81,48.11,36.72
2020,31,118080,40050,13640,12600,83.67,62.61,49.89,31.11
2020,32,114650,39160,13200,12760,75.44,56.02,45.05,28.37
2020,33,112460,38970,13110,13090,69.47,54.46,43.12,32.36
2020,34,104410,35470,11960,12000,54.04,37.91,28.46,19.52
2020,35,102150,35080,11940,12240,61.91,45.92,35.68,30.07
2020,36,101990,34920,12050,12260,94.01,75.92,62.84,57.38
2020,37,79890,27590,9260,9680,24.34,14.34,6.93,1.68
2020,38,97820,33820,11450,11960,44.98,31.49,21.16,16.57
2020,39,95590,33140,11330,11840,44.07,31.77,26.17,16.88
2020,40,91580,31540,10900,11320,40.03,29.85,29.61,15.86
2020,41,87870,30270,10600,10670,38.68,28.1,30.86,11.38
2020,42,82230,27920,9620,9870,44.01,30.04,28.61,11.15
2020,43,91540,32030,10940,11630,37.8,28.79,27.21,15.38
2020,44,88780,30660,10830,10960,38.35,26.96,25.93,12.53
2020,45,81280,28520,10050,10180,30.78,20.13,24.38,3.67
2020,46,79100,27510,9760,9680,38.55,29.15,28.59,13.22
2020,47,84280,29610,10210,10780,32.85,23.48,20.97,9.22
2020,48,64240,22590,8190,8340,37.18,26.48,27.77,11.35
2020,49,78910,26640,9600,9250,43.19,30.84,31.33,12.12
2020,50,86940,30140,11120,10710,38.07,26.06,24.52,9.96
2020,51,85470,29790,11210,10730,31.67,18.97,20.02,2.88
2020,52,59920,21350,8160,7860,41.69,32.2,35.32,13.58
2021,1,111200,40010,16270,13280,258.59,231.21,212.28,169.37
2021,2,143290,48820,18270,15330,56.53,40.65,35.53,12.23
2021,3,121270,40950,15250,12260,52.25,36.27,36.04,2.42
2021,4,126670,43080,15570,13600,67.35,53.2,53.85,24.89
2021,5,123400,41160,14810,12520,44.29,30.01,29.01,1.29
2021,6,119610,40660,14270,13270,42.72,28.87,31.52,5.74
2021,7,102740,34320,12000,11340,25.09,12.82,13.64,-7.88
2021,8,116070,39470,13890,13010,53.21,39.42,43.64,14.42
2021,9,119940,41180,14050,13740,45.26,32.67,31.06,11.71
2021,10,121760,41590,14400,13650,43.67,32.66,32.23,9.64
2021,11,123900,42060,14460,13790,56.26,42.48,42.32,19.5
2021,12,125920,42610,14570,13710,92.48,75.35,79.21,35.47
2021,13,122140,40980,13920,13030,125.89,106.24,101.74,64.11
2021,14,117300,39680,13290,12290,110.78,103.91,89.32,77.6
2021,15,130300,43890,14680,12970,119.51,121.67,108.52,94.16
2021,16,130330,43780,14740,12630,128.81,130.66,118.05,98.9
2021,17,134880,45240,15000,13460,114.37,113.6,97.89,87.47
2021,18,127450,43160,14410,12600,87.7,87.0,74.46,55.94
2021,19,115800,39780,13160,12160,65.45,64.38,50.92,38.02
2021,20,123210,42740,14260,13060,69.27,69.81,59.33,44.47
2021,21,118080,41450,14660,13190,55.7,59.12,56.46,42.9
2021,22,96160,33560,12000,10580,41.83,48.56,48.15,34.26
2021,23,109320,38220,13120,12710,46.17,47.0,41.84,33.37
2021,24,88620,31210,11000,10490,6.46,7.73,9.13,0.48
2021,25,123150,42990,15210,14200,38.85,39.67,42.28,33.71
2021,26,101070,35380,12420,11710,-2.54,-1.5,-1.19,3.9
2021,27,84270,28830,10120,9210,-26.11,-26.68,-25.09,-22.47
2021,28,101860,35270,12430,11340,-9.94,-8.1,-4.53,3.37
2021,29,99020,34330,11870,11140,-20.15,-17.04,-14.11,-6.39
2021,30,96660,33020,11730,10820,-17.62,-17.24,-12.0,-16.25
2021,31,97090,33040,11680,10850,-17.78,-17.5,-14.37,-13.89
2021,32,95550,32620,11600,10850,-16.66,-16.7,-12.12,-14.97
2021,33,95240,32720,11510,11080,-15.31,-16.04,-12.2,-15.36
2021,34,95810,32790,11360,11010,-8.24,-7.56,-5.02,-8.25
2021,35,95540,32430,11360,10910,-6.47,-7.55,-4.86,-10.87
2021,36,80390,27390,9810,8950,-21.18,-21.56,-18.59,-27.0
2021,37,97050,32590,11290,10800,21.48,18.12,21.92,11.57
2021,38,96480,33330,11690,11150,-1.37,-1.45,2.1,-6.77
2021,39,93420,32280,11270,11120,-2.27,-2.6,-0.53,-6.08
2021,40,92790,32130,11130,11030,1.32,1.87,2.11,-2.56
2021,41,87310,29860,10240,10100,-0.64,-1.35,-3.4,-5.34
2021,42,73640,25510,8720,9000,-10.45,-8.63,-9.36,-8.81
2021,43,113160,39370,13710,13890,23.62,22.92,25.32,19.43
2021,44,88690,30990,10820,10930,-0.1,1.08,-0.09,-0.27
2021,45,74950,26590,9110,9470,-7.79,-6.77,-9.35,-6.97
2021,46,104000,36140,12650,12600,31.48,31.37,29.61,30.17
2021,47,69630,24470,8580,9030,-17.38,-17.36,-15.96,-16.23
2021,48,82210,28430,10190,9910,27.97,25.85,24.42,18.82
2021,49,91210,31260,11400,11130,15.59,17.34,18.75,20.32
2021,50,91180,31670,11620,11140,4.88,5.08,4.5,4.01
2021,51,69750,24250,9070,8870,-18.39,-18.6,-19.09,-17.33
2021,52,42420,14740,5630,5320,-29.21,-30.96,-31.0,-32.32
2022,1,113260,39620,15440,13800,1.85,-0.97,-5.1,3.92
2022,2,112980,38680,13970,13590,-21.15,-20.77,-23.54,-11.35
2022,3,106420,34970,12460,11810,-12.25,-14.6,-18.3,-3.67
2022,4,117480,38340,13550,12530,-7.26,-11.0,-12.97,-7.87
2022,5,112120,37850,13320,12500,-9.14,-8.04,-10.06,-0.16
2022,6,114030,37050,12760,12360,-4.67,-8.88,-10.58,-6.86
2022,7,111640,36580,12530,12380,8.66,6.59,4.42,9.17
2022,8,112620,36400,12230,12130,-2.97,-7.78,-11.95,-6.76
2022,9,118700,37950,12930,12610,-1.03,-7.84,-7.97,-8.22
2022,10,115680,37770,12740,12260,-4.99,-9.18,-11.53,-10.18
2022,11,113980,37700,12790,12410,-8.01,-10.37,-11.55,-10.01
2022,12,110120,36920,12390,12060,-12.55,-13.35,-14.96,-12.04
2022,13,105500,35120,11830,10630,-13.62,-14.3,-15.01,-18.42
2022,14,107250,35860,11940,10920,-8.57,-9.63,-10.16,-11.15
2022,15,108600,35350,11610,10560,-16.65,-19.46,-20.91,-18.58
2022,16,120420,39380,12770,10880,-7.6,-10.05,-13.36,-13.86
2022,17,110370,37920,12450,12020,-18.17,-16.18,-17.0,-10.7
2022,18,105420,36440,12160,12140,-17.29,-15.57,-15.61,-3.65
2022,19,101140,36060,12280,12660,-12.66,-9.35,-6.69,4.11
2022,20,103460,36290,12060,12620,-16.03,-15.09,-15.43,-3.37
2022,21,101180,35630,11790,12110,-14.31,-14.04,-19.58,-8.19
2022,22,84540,29630,10050,10160,-12.08,-11.71,-16.25,-3.97
2022,23,104370,36290,12340,11970,-4.53,-5.05,-5.95,-5.82
2022,24,99790,35310,11760,12070,12.6,13.14,6.91,15.06
2022,25,88520,31240,10390,10440,-28.12,-27.33,-31.69,-26.48
2022,26,96700,34350,11420,11710,-4.32,-2.91,-8.05,0.0
2022,27,76660,26780,9040,9020,-9.03,-7.11,-10.67,-2.06
2022,28,96310,33860,11260,11020,-5.45,-4.0,-9.41,-2.82
2022,29,98050,34510,11330,11450,-0.98,0.52,-4.55,2.78
2022,30,95190,33030,11060,10750,-1.52,0.03,-5.71,-0.65
2022,31,91890,31520,10690,10400,-5.36,-4.6,-8.48,-4.15
2022,32,93570,32330,11010,10610,-2.07,-0.89,-5.09,-2.21
2022,33,93440,32280,10880,10410,-1.89,-1.34,-5.47,-6.05
2022,34,95610,32590,10870,10670,-0.21,-0.61,-4.31,-3.09
2022,35,96330,33100,11030,10950,0.83,2.07,-2.9,0.37
2022,36,80800,27460,9090,8800,0.51,0.26,-7.34,-1.68
2022,37,96800,33540,11020,11110,-0.26,2.92,-2.39,2.87
2022,38,95650,33130,11110,10850,-0.86,-0.6,-4.96,-2.69
2022,39,93570,32660,11060,10800,0.16,1.18,-1.86,-2.88
2022,40,94620,32660,11030,10840,1.97,1.65,-0.9,-1.72
2022,41,89560,31020,10340,10240,2.58,3.88,0.98,1.39
2022,42,92690,32070,10930,10260,25.87,25.72,25.34,14.0
2022,43,92760,32370,11170,10480,-18.03,-17.78,-18.53,-24.55
2022,44,88230,30660,10460,10240,-0.52,-1.06,-3.33,-6.31
2022,45,90390,31490,10750,10450,20.6,18.43,18.0,10.35
2022,46,84230,29160,10250,9300,-19.01,-19.31,-18.97,-26.19
2022,47,65820,22810,7860,7810,-5.47,-6.78,-8.39,-13.51
2022,48,79430,27210,9560,8870,-3.38,-4.29,-6.18,-10.49
2022,49,89660,30790,10570,10040,-1.7,-1.5,-7.28,-9.79
2022,50,88720,30820,11050,9960,-2.7,-2.68,-4.91,-10.59
2022,51,84560,29980,11060,10270,21.23,23.63,21.94,15.78
2022,52,33560,11600,4270,3900,-20.89,-21.3,-24.16,-26.69
2023,1,86900,30240,11280,9890,-23.27,-23.67,-26.94,-28.33
2023,2,129260,44290,15550,14420,14.41,14.5,11.31,6.11
2023,3,103990,35340,11970,11180,-2.28,1.06,-3.93,-5.33
2023,4,122230,41260,13710,12830,4.04,7.62,1.18,2.39
2023,5,123120,41440,13310,12660,9.81,9.48,-0.08,1.28
2023,6,118530,40690,13000,12990,3.95,9.82,1.88,5.1
2023,7,113860,39300,12960,12410,1.99,7.44,3.43,0.24
2023,8,110790,37770,12450,11490,-1.62,3.76,1.8,-5.28
2023,9,124440,42700,14230,12770,4.84,12.52,10.05,1.27
2023,10,123370,42040,13700,12950,6.65,11.31,7.54,5.63
2023,11,128420,43460,14480,13550,12.67,15.28,13.21,9.19
2023,12,123730,42000,13900,12850,12.36,13.76,12.19,6.55
2023,13,119510,40980,13460,12570,13.28,16.69,13.78,18.25
2023,14,112700,38340,12660,11540,5.08,6.92,6.03,5.68
2023,15,112000,37980,12460,11520,3.13,7.44,7.32,9.09
2023,16,116310,39100,12640,11800,-3.41,-0.71,-1.02,8.46
2023,17,117960,40740,13740,12520,6.88,7.44,10.36,4.16
2023,18,115400,39550,12860,12510,9.47,8.53,5.76,3.05
2023,19,108120,36370,11400,11670,6.9,0.86,-7.17,-7.82
2023,20,111090,37440,11910,12040,7.37,3.17,-1.24,-4.6
2023,21,110220,37250,11660,11960,8.93,4.55,-1.1,-1.24
2023,22,89960,29920,9660,9220,6.41,0.98,-3.88,-9.25
2023,23,110260,37330,11640,11500,5.64,2.87,-5.67,-3.93
2023,24,110980,37520,12040,11420,11.21,6.26,2.38,-5.39
2023,25,105890,35150,11150,10490,19.62,12.52,7.31,0.48
2023,26,109610,37210,11720,11230,13.35,8.33,2.63,-4.1
2023,27,84740,28410,8830,8290,10.54,6.09,-2.32,-8.09
2023,28,111690,37600,11480,11300,15.97,11.05,1.95,2.54
2023,29,110950,36620,11130,11400,13.16,6.11,-1.77,-0.44
2023,30,106660,34500,10710,10790,12.05,4.45,-3.16,0.37
2023,31,105280,34200,10520,10520,14.57,8.5,-1.59,1.15
2023,32,105480,34690,11030,11100,12.73,7.3,0.18,4.62
2023,33,104590,34820,11710,11240,11.93,7.87,7.63,7.97
2023,34,103870,34690,11600,10590,8.64,6.44,6.72,-0.75
2023,35,105890,35430,12300,10740,9.92,7.04,11.51,-1.92
2023,36,91510,32100,12620,9000,13.25,16.9,38.83,2.27
2023,37,106950,38160,14430,10850,10.49,13.77,30.94,-2.34
2023,38,106260,36670,13910,10830,11.09,10.69,25.2,-0.18
2023,39,105200,35550,12910,10510,12.43,8.85,16.73,-2.69
2023,40,104400,36210,13190,10430,10.34,10.87,19.58,-3.78
2023,41,96170,32620,12140,9270,7.38,5.16,17.41,-9.47
2023,42,105980,35840,14040,10030,14.34,11.76,28.45,-2.24
2023,43,99930,34830,12530,11020,7.73,7.6,12.18,5.15
2023,44,95510,33430,12400,10130,8.25,9.03,18.55,-1.07
2023,45,95600,32580,11150,10640,5.76,3.46,3.72,1.82
2023,46,95280,32120,11830,9760,13.12,10.15,15.41,4.95
2023,47,75850,24720,8350,8060,15.24,8.37,6.23,3.2
2023,48,87210,28970,9540,9050,9.79,6.47,-0.21,2.03
2023,49,98090,34370,11840,10660,9.4,11.63,12.02,6.18
2023,50,92740,32710,10970,9910,4.53,6.13,-0.72,-0.5
2023,51,92040,31670,10960,10750,8.85,5.64,-0.9,4.67
2023,52,34820,11580,4090,4000,3.75,-0.17,-4.22,2.56
2024,1,96990,33840,12640,10830,11.61,11.9,12.06,9.5
2024,2,125350,42740,14150,12670,-3.02,-3.5,-9.0,-12.14
2024,3,106050,36530,11750,10880,1.98,3.37,-1.84,-2.68
2024,4,120000,40030,13200,12310,-1.82,-2.98,-3.72,-4.05
2024,5,131500,42400,13560,13030,6.81,2.32,1.88,2.92
2024,6,122570,40000,12220,12720,3.41,-1.7,-6.0,-2.08
2024,7,108850,36470,11560,11370,-4.4,-7.2,-10.8,-8.38
2024,8,111400,36970,11790,11410,0.55,-2.12,-5.3,-0.7
2024,9,117380,39570,12510,12230,-5.67,-7.33,-12.09,-4.23
2024,10,115630,38480,12000,12050,-6.27,-8.47,-12.41,-6.95
2024,11,116210,38510,12380,12090,-9.51,-11.39,-14.5,-10.77
2024,12,120700,39160,12390,12420,-2.45,-6.76,-10.86,-3.35
2024,13,119830,38170,12240,12120,0.27,-6.86,-9.06,-3.58
2024,14,109860,35450,11390,10880,-2.52,-7.54,-10.03,-5.72
2024,15,110300,35250,11210,10840,-1.52,-7.19,-10.03,-5.9
2024,16,109960,35570,11380,10900,-5.46,-9.03,-9.97,-7.63
2024,17,115110,36910,12300,11570,-2.42,-9.4,-10.48,-7.59
2024,18,109390,36580,11790,11770,-5.21,-7.51,-8.32,-5.92
2024,19,109020,35970,11530,11930,0.83,-1.1,1.14,2.23
2024,20,102010,34550,11880,11000,-8.17,-7.72,-0.25,-8.64
2024,21,100600,34820,11630,11320,-8.73,-6.52,-0.26,-5.35
2024,22,85780,28940,9930,9450,-4.65,-3.28,2.8,2.49
2024,23,104280,35480,11640,11660,-5.42,-4.96,0.0,1.39
2024,24,103150,34240,11060,11130,-7.06,-8.74,-8.14,-2.54
2024,25,96150,31570,10020,10350,-9.2,-10.18,-10.13,-1.33
2024,26,100960,33050,10760,10940,-7.89,-11.18,-8.19,-2.58
2024,27,78990,25510,8540,8200,-6.79,-10.21,-3.28,-1.09
2024,28,96550,31370,10250,9910,-13.56,-16.57,-10.71,-12.3
2024,29,96270,31920,10400,10220,-13.23,-12.83,-6.56,-10.35
2024,30,94590,32150,10190,10550,-11.32,-6.81,-4.86,-2.22
2024,31,93890,31860,9940,10400,-10.82,-6.84,-5.51,-1.14
2024,32,94470,31850,10110,10110,-10.44,-8.19,-8.34,-8.92
2024,33,97920,32550,10630,10480,-6.38,-6.52,-9.22,-6.76
2024,34,99330,33280,10740,10750,-4.37,-4.06,-7.41,1.51
2024,35,100690,33510,10950,10620,-4.91,-5.42,-10.98,-1.12
2024,36,83870,27450,8890,8660,-8.35,-14.49,-29.56,-3.78
2024,37,97670,32660,10360,10620,-8.68,-14.41,-28.21,-2.12
2024,38,96910,32160,10260,10500,-8.8,-12.3,-26.24,-3.05
2024,39,95020,31440,10060,10520,-9.68,-11.56,-22.08,0.1
2024,40,90840,29720,9560,9810,-12.99,-17.92,-27.52,-5.94
2024,41,91670,29520,9540,9720,-4.68,-9.5,-21.42,4.85
2024,42,93000,29910,9630,9610,-12.25,-16.55,-31.41,-4.19
2024,43,91900,30420,9590,10250,-8.04,-12.66,-23.46,-6.99
2024,44,95220,30320,9770,10110,-0.3,-9.3,-21.21,-0.2
2024,45,93840,29610,9510,9650,-1.84,-9.12,-14.71,-9.3
2024,46,91610,28450,9600,9360,-3.85,-11.43,-18.85,-4.1
2024,47,93570,30060,9820,9840,23.36,21.6,17.6,22.08
2024,48,74720,23440,7960,7810,-14.32,-19.09,-16.56,-13.7
2024,49,81060,26150,9010,8560,-17.36,-23.92,-23.9,-19.7
2024,50,93210,30830,10790,9940,0.51,-5.75,-1.64,0.3
2024,51,91030,30700,10600,10230,-1.1,-3.06,-3.28,-4.84
2024,52,59230,19250,6680,7000,70.1,66.23,63.33,75.0
2025,1,11060,3510,1230,1310,-88.6,-89.63,-90.27,-87.9
2025,2,139820,46620,16810,15330,11.54,9.08,18.8,20.99
2025,3,137180,45750,15330,15320,29.35,25.24,30.47,40.81
2025,4,99930,33370,10870,10810,-16.73,-16.64,-17.65,-12.19
2025,5,112590,37080,12270,11450,-14.38,-12.55,-9.51,-12.13
2025,6,113810,37290,12190,11700,-7.15,-6.78,-0.25,-8.02
2025,7,111750,35980,11540,11320,2.66,-1.34,-0.17,-0.44
2025,8,103700,33880,10760,10650,-6.91,-8.36,-8.74,-6.66
2025,9,114360,37960,11960,11980,-2.57,-4.07,-4.4,-2.04
2025,10,118140,38470,12050,12130,2.17,-0.03,0.42,0.66
2025,11,131020,37790,11940,11820,12.74,-1.87,-3.55,-2.23
2025,12,131530,38660,11910,12150,8.97,-1.28,-3.87,-2.17
2025,13,121170,37780,11520,12090,1.12,-1.02,-5.88,-0.25
2025,14,119670,38290,11720,11690,8.93,8.01,2.9,7.44
2025,15,117920,37160,11290,11410,6.91,5.42,0.71,5.26
2025,16,115660,35870,11120,10790,5.18,0.84,-2.28,-1.01
2025,17,120580,35380,10860,11120,4.75,-4.15,-11.71,-3.89
2025,18,113150,37070,11350,11460,3.44,1.34,-3.73,-2.63
2025,19,116760,35960,11160,11050,7.1,-0.03,-3.21,-7.38
2025,20,108200,35780,10850,11040,6.07,3.56,-8.67,0.36
2025,21,109580,36220,10970,11420,8.93,4.02,-5.67,0.88
2025,22,92330,29960,9200,9320,7.64,3.52,-7.35,-1.38
2025,23,106520,34850,10500,10670,2.15,-1.78,-9.79,-8.49
2025,24,109800,34170,10340,10640,6.45,-0.2,-6.51,-4.4
2025,25,91250,27490,8300,8530,-5.1,-12.92,-17.17,-17.58
2025,26,122210,38700,11560,11910,21.05,17.1,7.43,8.87
2025,27,109430,32600,9770,10300,38.54,27.79,14.4,25.61
2025,28,100560,28080,8590,8240,4.15,-10.49,-16.2,-16.85
2025,29,105650,33560,10510,9830,9.74,5.14,1.06,-3.82
2025,30,105980,33940,10380,10330,12.04,5.57,1.86,-2.09
2025,31,93220,29700,8840,9000,-0.71,-6.78,-11.07,-13.46
2025,32,98930,28840,8610,8750,4.72,-9.45,-14.84,-13.45
2025,33,124280,39060,11770,11730,26.92,20.0,10.72,11.93
2025,34,85930,26860,7290,8270,-13.49,-19.29,-32.12,-23.07
2025,35,121120,34780,9110,10840,20.29,3.79,-16.8,2.07
2025,36,109960,28180,7180,8550,31.11,2.66,-19.24,-1.27
2025,37,105330,32580,8570,10410,7.84,-0.24,-17.28,-1.98
2025,38,120070,31750,8120,9940,23.9,-1.27,-20.86,-5.33
2025,39,111790,31710,8230,9980,17.65,0.86,-18.19,-5.13
2025,40,112660,31380,8290,9970,24.02,5.59,-13.28,1.63
2025,41,104810,31050,8190,9770,14.33,5.18,-14.15,0.51
2025,42,99740,27740,7460,8360,7.25,-7.26,-22.53,-13.01
2025,43,108320,30440,7940,9720,17.87,0.07,-17.21,-5.17
2025,44,115160,30770,8080,9590,20.94,1.48,-17.3,-5.14
2025,45,127510,29900,7930,9460,35.88,0.98,-16.61,-1.97
2025,46,123990,32900,8980,10200,35.35,15.64,-6.46,8.97
2025,47,95250,27320,7440,8520,1.8,-9.12,-24.24,-13.41
2025,48,80900,24370,6780,7690,8.27,3.97,-14.82,-1.54
2025,49,109910,26130,7200,8230,35.59,-0.08,-20.09,-3.86
2025,50,101540,30070,8670,9400,8.94,-2.47,-19.65,-5.43
2025,51,100130,30360,9080,9730,10.0,-1.11,-14.34,-4.89
2025,52,90330,27040,8190,9070,52.51,40.47,22.6,29.57
2025,53,31680,9010,2530,3130,,,,
2026,1,122810,35920,10910,11610,1010.4,923.36,786.99,786.26
2026,2,155020,42530,12110,12890,10.87,-8.77,-27.96,-15.92
2026,3,128620,36540,9920,10740,-6.24,-20.13,-35.29,-29.9
2026,4,141830,38280,10370,11200,41.93,14.71,-4.6,3.61
2026,5,129610,38360,10020,11090,15.12,3.45,-18.34,-3.14
2026,6,128630,38590,10160,11150,13.02,3.49,-16.65,-4.7
2026,7,118030,35920,9570,9850,5.62,-0.17,-17.07,-12.99
2026,8,129840,38850,10070,10880,25.21,14.67,-6.41,2.16
2026,9,133020,39480,10080,11010,16.32,4.0,-15.72,-8.1
2026,10,137910,39550,9980,11220,16.73,2.81,-17.18,-7.5
2026,11,134060,38870,9860,10980,2.32,2.86,-17.42,-7.11
2026,12,130790,38650,9450,10910,-0.56,-0.03,-20.65,-10.21
2026,13,125270,36720,8860,10310,3.38,-2.81,-23.09,-14.72
2026,14,130810,37920,8990,10260,9.31,-0.97,-23.29,-12.23
2026,15,129340,37030,8840,9840,9.68,-0.35,-21.7,-13.76
2026,16,132030,38270,9310,10810,14.15,6.69,-16.28,0.19
2026,17,132870,39180,9510,11170,10.19,10.74,-12.43,0.45
2026,18,131810,38510,9280,11070,16.49,3.88,-18.24,-3.4
2026,19,130580,37140,9140,10570,11.84,3.28,-18.1,-4.34
2026,20,125220,36410,9040,10300,15.73,1.76,-16.68,-6.7
2026,21,112090,30690,7270,8650,2.29,-15.27,-33.73,-24.26
